Session Length (mins),User Retention (%),App Store Ranking
12.483570765056164,53.99355436586002,116.24108625128093
9.308678494144077,49.246336829127685,142.77406646422412
13.238442690503462,40.59630369920174,110.37900395000193
17.61514928204013,33.53063222294426,134.60192351804798
8.82923312638332,46.982233136135896,55.319266652310716
8.829315215254097,43.934853854217494,160.66468536864693
17.896064077536955,48.95193220027733,150.06027376811122
13.837173645764544,46.351718016819696,109.14556844659046
7.652628070325239,50.49552715319335,182.96228342162027
12.712800217929823,34.64764788439432,196.87850688132792
7.682911535937689,53.173940656343255,69.62200678155129
7.671351232148716,41.975996046923996,111.86376107168928
11.209811357830171,60.75260872625265,111.54288251063508
1.0,33.10812181910432,103.00484494455677
1.3754108374348366,57.359638031652494,191.47374209658742
7.188562353795136,41.979107834626475,140.30869306135983
4.935844398327881,33.48581996385552,136.77425793446946
11.57123666297637,35.16114165945678,49.80688177966232
5.459879622393945,36.7965269180568,181.77090151046133
2.9384814933235424,44.241659464019165,88.03708025732638
17.32824384460777,45.228354880355,152.9966315133164
8.871118497567322,34.26299996061421,163.86884689790958
10.33764102343962,39.756454077390174,200.0
2.8762590689327165,61.42270358611864,84.55898004404439
7.278086377374087,57.275431701007115,1.0
10.55461294854933,44.36323669674032,159.19247723768476
4.245032112888486,40.380034781682,200.0
11.87849009172836,41.200313267182615,200.0
6.996806550405975,46.13517972730416,160.4829707637313
8.541531251033616,29.772074348015945,125.41819071839763
6.991466938853016,37.42623462576655,190.35612983186553
19.261390922544688,23.314159261224106,101.32269001477657
9.932513876310331,43.992231226052795,173.81788846781097
4.711445355220498,46.47195939702741,175.27350795833135
14.112724560515945,35.16813537700626,200.0
3.895781750144889,55.73986763290033,200.0
11.044317975023777,27.742343369976588,169.62079835893834
1.0,25.3562511979018,124.55181871462506
3.3590697555078473,42.24451818559972,148.72128439040029
10.984306179345618,50.470983026121544,61.54620475554408
13.692332899977053,56.83927691457869,115.2643434455471
10.856841405949853,35.4111573713106,129.5358780943448
9.421758588058797,50.78680833431296,123.79558010327037
8.494481522053556,39.61491530499293,157.6177436016861
2.6073900481628627,38.273727000591805,108.87900338088997
6.400778958026457,48.83659937486672,200.0
7.696806145201062,46.5232287841342,150.01035324590987
15.285611131094578,24.236078430157505,149.53498394306928
11.718091447842307,54.76540349725896,133.60526417435412
1.1847992231863298,53.800913541474515,157.75953419294896
11.620419846973975,33.74437298490471,191.25491323338173
8.074588597918417,43.95803533437409,106.64348921445497
6.6153899984702065,44.94030186282739,117.09417554623717
13.05838144420434,42.60673765823907,134.81369856116677
15.154997612479754,34.4969484615458,82.70645382633926
14.656400595580994,33.283766320619485,109.03710701392511
5.803912383886807,39.744459290085544,126.18895632276704
8.453938120743928,51.72729019259364,193.71945903563636
11.65631715701782,45.43600154594432,163.12806645009624
14.877725635611796,36.29385667913894,159.6794955683772
7.604128810773551,47.716987106483444,192.54489810839863
9.071705116680914,11.514573793699245,143.13141058003018
4.468325129969859,51.48765700372103,169.52324249644448
4.018966879596646,22.602862212219005,144.83891235337518
14.06262911197099,36.37559058596868,163.26811746998143
16.781200142854114,28.80330105373856,120.8620671194209
9.63994939209833,27.053185242790942,28.05914208617854
15.01766448946012,51.608267873785195,143.2860418906848
11.80818012523817,35.32298798688109,200.0
6.774401226974378,43.46503881730716,196.3107701120796
11.806978027542069,39.53079421120816,198.26987422955852
17.690182832329846,44.770408272231215,200.0
9.820869804450242,40.768218910602556,154.43287954807187
17.82321827907003,27.170077758114303,159.86578537027978
1.0,49.9626681944714,119.1174052282825
14.10951252187612,35.06243416838687,134.19635719864752
10.435235341190856,24.43418101340249,180.78855748855707
8.504963247670663,35.718848390340874,200.0
10.458803882677511,55.00759790634311,143.02768621595
1.0,48.50221742113493,127.49053675742942
8.90164056081244,36.51347865592141,150.02639794282987
11.785562857558732,36.50742295681571,180.06033744645575
17.38947022370758,36.783649487826175,77.8072591933229
7.408648908631763,60.76747983560841,35.19095234313809
5.957531985534062,43.819354522315535,122.47315752542082
7.491214782077318,44.300416471910694,88.96437870429207
14.57701058851037,50.30283454031842,124.59299011763446
11.643755548298422,42.387891590265134,142.61098405912642
7.351198981164806,37.40957854179297,127.33757954884933
12.56633716556678,38.03650150915022,200.0
10.485387746740201,39.283987405859364,166.33723823011601
14.843224952664446,39.627777634901584,165.02371798054142
6.489734530613238,47.2762954363698,181.1103572021701
8.361689267011158,40.519458858072994,93.05834411096154
8.039459234339212,47.32640077215579,200.0
2.682425259339407,39.19283419891418,146.211785673227
11.480601385322881,40.786351903160906,183.5240308620606
11.305276360899446,20.017993154678923,96.40713834799223
10.025567283212304,49.16327674702482,72.31206169919679
8.827064333124266,43.46488475897993,190.89448290125142
2.923146289747929,49.98010109859652,168.82047630487583
7.896773386173205,11.037446218063106,104.89742228212448
8.286427417366152,60.883747047807276,106.51684593626528
5.988613653891905,38.604103718448265,200.0
9.193571441669954,51.081828167375164,90.52940535663362
12.020254284072692,29.60094072874469,200.0
19.43092950605265,46.1277390506257,104.96896326760657
10.872889064159194,29.46584436826344,181.91959628041914
11.28775195361382,33.76231039304195,133.56907621255078
9.627770421169163,59.14031353866786,180.15937155411714
1.0,38.09317599236653,122.79429989429038
9.867430622753915,42.17432873179723,141.8603546963853
10.301151049705132,48.70067730688754,152.04595876978607
22.31621056242643,44.95681887972604,99.89062721092637
9.038195176094387,41.504189051435766,187.0412172710063
11.507736711668063,43.64961002466225,124.33932167642074
9.826441151473784,64.03415585238275,138.57000423299908
4.15660981190234,39.42381202966415,100.28253126957438
15.714114072575104,42.010990467149675,21.883317060234475
13.759665163433871,50.50654396007612,140.44861186999154
13.955159735215235,51.05525932957984,200.0
5.453062726026305,51.8703030556038,189.2302143949012
17.013971554680495,46.38730222029184,149.03698101328027
2.990744686038596,28.569950872695166,136.8554585395866
12.934285469001352,56.334315323010955,151.12329464060232
20.952278129049894,28.53654606981312,177.3559557587605
5.047318374346558,43.02635465239033,90.95935923455775
7.16851135198614,32.45724149980642,200.0
10.498256825438206,39.35861653407007,185.76906577206222
7.482621729419003,43.2876241030348,185.90928628539672
2.246682844669337,43.21357215450273,171.92378694048637
10.342814874030136,44.21920754235285,150.98083288469948
4.688481431369476,56.13711269058647,183.643061798341
12.367962153175908,44.5353430151398,179.59070668706892
5.402878828830985,37.558433647093516,132.2979644529488
17.749672025087698,49.64087168288357,121.31991135515496
6.083733538318814,51.894704889246405,155.09281476309934
8.389692418971622,27.723921848630077,200.0
14.067586086848348,45.97400069849858,88.04464621730496
3.845678417830224,47.01172742310898,76.623736712378
11.137299673020648,37.02436496640008,158.23804206182584
16.53571377141214,53.75706813311619,152.5443850928009
1.9625838271938623,38.499444129674735,158.66708321852042
10.923169292661521,41.255764534715425,162.197659895425
11.299413971242117,38.2692817571613,138.83988726825976
13.909114358886551,40.155790475814676,200.0
3.8152464456095903,29.037249131047982,69.95480107617422
3.397716934578618,25.599491174057057,108.5751487609877
12.609707828084488,55.94505063224972,144.83726199254764
11.48492336616593,31.530386516816723,67.84055944229164
11.252464251729382,30.086076505436928,141.20727977839644
11.732241047484878,18.466098863962852,200.0
6.5998763921075465,33.610382523104974,151.0443244147981
11.161268485805017,26.76910206592502,161.5350452859342
11.465362366493405,56.42015160136369,86.991761741371
6.42824290986816,50.09817089342634,119.18192959802613
19.328872555723784,33.118496548222765,131.24018098380316
12.369164604558938,62.52435805344309,134.1142451621883
4.043482513986757,49.81765486991594,200.0
13.282768043169149,36.75168616491378,177.88455303625622
5.126591648863393,15.005942851264269,94.42710215314841
13.93542301871226,62.90942572590742,162.32523892160023
15.79297789503702,26.10427533236404,174.91108742483925
5.896588408241447,23.54601253043108,200.0
14.816880646221609,50.225704320096405,200.0
12.06390463468249,64.39752406339272,99.24529040860656
14.11030079997245,53.84272818510518,109.4571244394831
19.483964913269737,45.639091200523595,87.12110705426919
8.773059419985648,45.94754341665286,138.29900704465092
6.231319178212552,48.53415558780308,173.31791872231673
5.552427851872384,47.589285897867654,199.3667258294551
5.920948575172808,42.811914239693756,146.20244881787386
9.61449145292948,41.04201103951876,134.0076238372578
11.705759874083219,39.374068721004775,157.587899612437
11.383453996650095,32.46035411133324,108.24285491849885
14.13591624518012,37.19324923133226,200.0
10.065009459389534,23.070431858046145,69.61694864409706
17.267670385786584,39.0166037320525,159.23702894478623
8.67671583381022,30.114088928490826,200.0
23.600845832948096,28.96410682784229,150.3399922279999
13.12833673882503,41.798941511534785,140.49804824992526
5.714212217918587,53.92002286344599,132.12772885947865
4.645537509694439,49.183166060023126,140.98041591187962
12.412362076215926,24.294993963768228,200.0
8.882686073370746,30.103718634296627,39.40690443352466
13.57000247046046,49.40771187988216,200.0
12.366188122867724,30.175126064616904,78.80214237749274
9.635855436715635,37.753668500029754,136.66738353827927
5.766031409657975,45.50052099024552,128.5377789850669
2.4257638765706773,30.316555451363648,179.42766348853598
7.767425239664894,41.0537550614596,70.09378240581262
14.28199397161736,26.659745050817953,173.10863330409714
11.07046872065102,33.98632356048786,200.0
3.7713061064400595,43.19781934142537,81.84129977035948
10.86590462925591,24.070062664683306,159.48530838051977
11.926586898644183,44.40474737960399,116.90089111016954
5.580712818994335,39.803622010733186,171.29436030965178
10.76862552972764,45.524899544171475,150.9573888707876
10.29104359223,42.23914134064661,117.92565454778452
4.285148510846884,53.64140429973844,174.3936142435537
11.788936801741416,41.25224502647907,200.0
12.803922631841171,35.70594458874747,140.45481041363507
15.415256215876385,41.222975030322836,185.98789710740908
15.269010260174515,45.43298029036388,85.33635210644181
3.1116531602145443,40.48860070325704,102.17818115909957
5.310874800424386,40.405916912038826,173.62031389401886
12.575176336043299,32.980083121932445,200.0
12.568929754561044,33.37099082449052,167.780667439283
12.57523843153024,25.973947282003067,134.3470984738423
29.263657453273606,57.495767431869396,149.9645702711677
12.854452553465835,27.56136764608715,87.47961330151412
15.677828200902994,33.07094802204092,180.22576631776835
14.770008817466012,32.81592734430802,194.11665311617045
13.25695625652899,48.949243769444415,127.39548335834598
8.423653776798272,37.05050321707972,126.49789261202493
13.794846102466337,52.477420726737336,163.29391148260243
6.135873927312141,33.26509375756132,128.16401319797023
8.815906966299956,42.78994162223802,146.69336926870886
7.573182260854482,31.646529467402427,200.0
10.409370696931612,61.45149127773388,137.64871496270015
21.573292833367542,28.124015809704872,132.0829923989389
1.0,43.09820710227027,117.62290971824204
13.431300951872567,46.337768809320984,187.20959857499685
1.9364206440517417,44.137990974514985,140.93879133909485
7.640340671052833,38.147123411222914,117.53134808392869
15.44475298483683,38.70179300266574,200.0
10.321400095477314,40.438114719791095,200.0
4.61127611035347,38.529979983715116,119.97882171306475
6.423481453700159,49.638791167949094,56.673002431969195
13.397988744673379,62.10523001591351,200.0
6.348166841414317,34.425082149921664,115.7685087119998
11.082292947909874,26.301970204209223,189.53127995813844
10.227859199519068,39.117179516487454,51.49480911440823
6.741998261970915,65.79709337654319,194.62986691496548
20.719720446626628,31.963254320302692,89.44140353596094
13.169595111590056,56.391168054440676,186.5382059533262
1.0,56.77700814076441,150.7136533918217
10.932271573847139,34.46411758292005,102.30302903016775
6.69106767615806,45.689830791852756,129.64818435366098
14.26216667398112,56.283966231285376,184.31592284783505
6.037396307836497,36.20872259012513,155.29472265576172
9.426317792665506,37.964196398976384,179.22064902362422
12.524936394902285,34.18319086051356,200.0
14.328775970850607,29.852432693071332,71.78791941444743
3.9985179647211186,33.50722454933993,200.0
8.327493820795258,27.760597332377436,155.21779687616063
7.625273444195219,40.34083468259226,105.0607975838436
6.733353837131441,32.30026768941358,83.48431871305051
18.827271201405484,42.33785911790748,140.54398046114832
12.024908554804778,24.44104353796373,196.08250559622297
3.695580228324774,43.30880232214457,143.6225439811233
14.58930973527388,48.33528961608925,200.0
20.610780985063165,20.062643574285445,77.44121549742205
15.162326302755734,43.74056569847572,149.39555260769728
2.4031501702299334,52.27668992473292,87.38032777934404
7.578829635668743,27.903589813087947,168.1815941312484
16.334555745933113,56.72572386837703,194.34436950486503
6.461652671906096,44.190190093660455,128.96191031594734
12.219097140731142,32.949881442415915,19.78930716864329
13.873170267146683,39.44230922342294,159.94740733982474
5.365347642109585,45.58326912521722,171.83692758667547
9.702373219691,40.760053914124114,170.21473774808487
1.0,45.387559924463694,200.0
4.878061793328551,30.793264069206337,96.44731601754756
8.737159243034199,41.69360824036078,184.01080527252248
3.7610840901757525,25.8628550309502,200.0
18.162056519658176,38.887739386513,61.07062079967416
2.849293110196837,30.960923585352102,165.98259129594885
7.799777566515081,32.64470057410233,124.79100844961643
10.653702886430457,52.36093175210438,145.9238663449177
17.206366445330577,50.91310120594269,167.38382417691682
2.8206892441028035,46.09138120907177,125.63857179432239
15.815818760774798,29.07687235327421,116.2145960419194
10.051165305097935,36.83591550305198,151.70762087440124
5.092456744760245,52.130976999791834,95.63770305685986
12.310517371316354,41.417169136399046,95.70874355574072
10.995298477867351,63.19329539981695,183.96866414782517
6.998915614206027,43.93317839394372,92.5602982420672
10.349010424950094,41.92049116490031,183.3156250454606
8.0734320156912,36.908835357974986,173.12956464269757
10.56758672625624,41.33540904782282,63.70966356047016
13.310653372605234,38.47530163619456,116.12176738321725
17.93008408072676,47.0810867668859,200.0
3.8109225058657543,49.56702316794584,100.94172344301592
20.665166873281333,32.140105394920504,126.77978688453062
1.0,26.68767046442222,173.1030446625948
9.241074524822084,21.637946268967035,189.16952546412978
12.941586032422883,45.079913269125434,137.42305569777523
11.404959338675162,28.966333938261265,120.12449026541792
6.886502400897031,18.47109407047517,200.0
8.959388748213623,43.885786045309644,200.0
7.534995326705836,64.9299951743279,198.94290253908977
7.053176215278942,39.939290884601064,154.2659071282512
14.248010485105123,48.38490774451642,109.58671391795369
11.785077429825236,40.81829358547565,108.47777967217174
6.535452023696729,39.01110346808857,176.12570526328787
14.497999377166254,49.190764829877686,170.91991104443417
11.536497604383047,37.097254558113484,200.0
14.0643105941948,42.673923140719026,182.52250462680695
13.14814420961806,43.216978061960134,74.8459849120091
5.855024945389639,33.31909546356951,200.0
7.199094799015152,49.92042349536523,100.09696863427936
13.73646802561631,38.25040243304591,130.80143640238242
13.051851327167324,32.442548405071555,162.5100103125847
9.895492030179259,45.365098435704034,200.0
10.58663691654391,31.015320182089628,200.0
16.388324478942124,40.281811573691286,180.33615295680914
7.04214305582085,39.90881003355796,140.8401690639806
12.73548690585019,50.85895565831578,176.7252824240275
8.98903673783053,44.746982328799525,194.3827712936918
8.911593983863899,39.74973041254856,133.96661872214042
15.49388425993595,48.17766299200287,200.0
14.12708174494015,53.90207549017313,161.5035379595701
14.067548180003193,45.578103063518626,174.88715445456972
16.527394035771646,40.103526198433805,183.29621260272307
10.105019208163796,26.881637676498404,171.07933053072279
13.409764856474819,29.348863369246274,191.94702502348062
8.44866621703272,36.94775295645332,119.13734067265383
11.620831762442211,33.90487797840717,122.08491230269847
9.349284728161576,38.13028697014554,94.99228835141525
10.484979824963592,40.56649924897107,171.9750615310113
12.975785127184569,45.29692754356731,188.9468251756057
5.908896583832638,39.29501221940909,172.8886433075943
20.461936378427303,44.86501643826202,200.0
4.96991309250149,40.6447441481012,149.72019905854768
3.9290569360613397,20.245334336461287,183.43708277962563
15.790554367500338,30.606646061812455,95.41495619303429
13.95831346981468,38.55912444278385,130.64501487627996
13.120599085260775,27.903052571588923,184.77688787828887
13.1417275463214,45.99928729996205,192.4551055371572
9.938766135765427,55.30750832343698,135.30165261679088
5.513728142570843,52.18761851697317,146.42003740709666
10.379022790968632,37.86557129069792,74.10631266595954
6.6141914424394415,54.90726136849952,132.14853995966953
14.875598667088756,41.486674572021116,194.5191581759893
9.264713092489307,36.629140288819606,178.76025080532833
5.872514016037442,33.8659733645906,175.0332860690605
8.393070791735033,36.975303135118715,152.488684359048
12.064657271378122,36.118231814587716,150.35315793140882
7.1813772359801264,41.70416222375488,116.98394302632764
5.888898022167843,41.60573981049865,184.94142101012673
11.218436057459561,40.03046020153415,171.0486472194695
11.224832855543614,44.369381697463496,174.60094239963996
7.465284123144351,51.906462747863415,123.69825786662098
7.6448084719083855,49.495541354413234,42.332854006437785
11.160249686788182,25.151020315500965,200.0
2.759578292513379,14.46078865098045,126.05812719957979
2.9626811281172234,49.34319911239274,106.86121179784396
6.40777889373782,26.33121301584579,184.67394559569968
8.932764241440763,37.75234598107316,130.3993680040435
11.554537827990023,28.298869739406406,200.0
17.376781084747762,21.9801956241998,180.85029747883488
14.288298116010097,45.41462728204788,184.17846616002387
9.200307350182864,47.59155160302647,81.70221443997329
9.904918960486556,34.2348959927328,200.0
4.987353176810956,14.089577078550903,163.0625265616928
9.90743432003805,34.53755551747517,131.53614303768984
8.556706805399308,43.91804005402547,157.16942336711256
11.613592801690448,25.210884312258713,61.188238355083996
5.863845282238385,41.83359919779156,170.43264057403354
12.596732571205862,39.846901508270044,98.53142459089642
17.66369456501289,45.792914996010886,82.36648570782327
9.456199257715712,41.19580368414153,73.88204068910544
12.008558610494706,30.269310591184443,200.0
13.450719958555563,51.965715016644914,118.53683031536056
7.993897640570818,38.4147042697303,200.0
11.120462409052084,39.72695460490068,123.2099268473851
10.062962003908975,30.66732040926804,64.63210212035267
10.48838049274416,35.567177488084894,94.17377800256705
6.134951080722668,31.15197285973099,200.0
10.122550871294713,38.27053940076577,142.20509110316664
12.489991456227248,57.11708480142343,122.58563517546995
17.25571803897521,26.280988570686436,158.0009112926394
14.796354130426035,23.86438602123259,175.08913680837725
20.765912287557782,54.711703274936085,200.0
6.163262185559752,37.90676322848134,200.0
14.36160318360339,33.309272613400836,132.0115677105457
10.916710028691758,50.39904687396076,83.6976156958981
20.94901466608836,33.94384460263136,129.3267419438362
5.958508573224242,58.260097135469366,163.01402532914432
5.80139078909612,46.77925871339269,101.81205368946945
7.00303677277989,35.120885918542974,102.14245425524786
1.0,61.57308213265503,167.18939407749428
7.371224891596195,33.94285076996662,147.56738242147745
6.20433669223151,47.42095372009307,151.63984977057933
10.751968932381038,42.99292580406492,112.07523326499653
11.708779878885798,53.01741289398798,138.47996428971163
19.380854196079433,55.615111967268525,103.78834278658478
14.752119190930252,40.320041490657665,194.50992055623934
7.115481721687985,32.46582129653817,200.0
5.507926643258211,44.59972142939117,57.6906068880953
12.459595857532529,33.22284630247894,103.52445699037949
3.398833964896789,60.13387247526623,75.17353724549605
19.15729382927177,41.36535331082737,117.49880327965509
15.897200603606436,36.34678448687891,145.82810151048196
7.6541217394764764,41.84680305864909,77.51773901507349
1.434327354545612,26.528737104703033,103.90700934373434
16.769361870827062,30.283859614893487,99.80213139592507
9.42730077373691,52.00413907944426,160.3633664699472
16.189081559867308,33.43105721028604,153.4672168518125
2.0278617060281645,29.5308901731806,113.91312233313734
7.003124885231136,45.36652752527286,158.8410436069699
10.026218498590916,51.85704154662997,122.66599577063673
10.234902968823711,47.18953310665067,136.41724448369735
7.749672642603782,49.960476858058165,200.0
13.114249661737494,32.43204911430539,200.0
4.661897853087028,25.78189333258156,85.02093815362012
9.288102574893532,55.01333651955487,191.48662089395873
10.601478158559495,36.77320161157864,190.5698277245796
12.572194170293745,37.49166983544953,92.58683556236909
13.55807439044445,53.281941418490575,190.93888218774305
4.376789540810654,45.5623000940066,200.0
2.329429146321889,44.55887772081608,93.87275968777931
16.388384109492545,61.65002344901084,104.12485894928682
11.661570059897958,33.564817696198574,200.0
6.257567317217232,49.278401280812375,163.5747655412824
17.755759877612615,40.570131248970846,177.57381376197617
10.578373171464293,42.68592278863257,167.02946082002484
15.896485920319133,55.28468426412532,169.53479604640722
10.337592407050545,45.07835756289624,83.67639358444585
20.303739624409936,45.38296079049633,200.0
18.77670421221602,50.72507337309802,200.0
8.755179257604633,36.350472704571146,138.5304627965986
14.857854754771777,31.607903326609936,147.82615250930687
13.226879747925738,29.551908059789664,73.4446248722139
16.843157787661745,20.33643410623998,175.71273780089174
5.175382697099478,60.56207129940322,178.6028720857072
13.430257299992196,28.96791634278317,146.89044915003444
15.29212243424794,37.78746376414228,200.0
1.2063025678844284,37.23186700111079,133.29613845100297
4.083707436671125,43.07406697809101,178.23029629468002
1.0,48.15737212539297,99.01678306539422
8.652965827777212,48.60473488359745,148.8223924562881
13.58771127897981,34.16922561431062,141.2822871048582
17.51178526048014,38.32878286213589,161.26539610204708
10.370473902098876,42.825799504882994,131.52365355833206
18.143077727856458,37.51308873816453,143.42637021641661
3.099492708925543,56.07345576019993,191.30235857207532
1.483087803224226,44.90974951638251,128.16178813808912
9.722261505516906,47.348777860498174,69.67114496306604
11.920327244696537,46.628812686674124,200.0
9.836526259529535,51.73473857485325,200.0
1.0,41.81021558703707,85.38686524471906
9.554399802436057,27.031680520441533,184.48539026225973
3.4776524974757344,43.996879517526416,124.85126147243284
13.348362744150192,33.48643106208171,163.17436076655298
11.832991230484241,34.713833182502434,164.7112064506747
5.300601068363224,45.863640187550935,138.2796099841839
7.430665413316532,52.38283071433636,110.81171672068018
4.703932390555242,40.21271576736061,115.47294738418702
9.68660451363414,43.088330125989636,104.19040422593787
14.775711602506192,57.02214944635238,108.40888958847776
5.071369768322281,42.407531794885685,146.64108549753223
12.520232577589223,66.01683114180395,114.21200054446241
7.348711908137796,45.65509645631544,184.102603285631
6.035635838688279,22.392372408441823,200.0
9.46484820022721,47.53341621104533,120.99733793149785
4.82378838790313,43.81158384882778,161.97022502676884
7.23175347326409,52.897527540827454,174.98425551514669
4.010610537055758,46.73181351269958,173.60011354596372
19.823625664581947,38.615440160162265,153.79776339580437
10.176317759858643,27.757017637106344,187.1341209179861
6.5013724600370715,37.90976742713975,174.11244763403286
11.06989955367111,31.494795457907,88.11687888363511
9.438359751545851,34.19476550195277,193.45780321946364
8.895152002333885,45.8857840442061,194.3645418633371
13.070833500217127,56.69904504351406,111.83569479107092
13.787538550236526,43.94671529822981,151.89689177238012
7.347494261947363,28.041169379648156,184.16644964055348
7.1209087967766,44.446026682201406,139.53430902103193
8.62474151424178,51.966314866456514,200.0
1.0,33.90217095680618,200.0
2.424044689007239,38.65982833327082,110.70069836825088
16.834371337222624,40.14688194729197,80.94776984231126
18.224838567506417,32.151016869177596,165.19092978024378
8.754819802218108,46.48280433843859,186.07812525630717
12.882784815278832,38.79051851392219,138.45668130776156
11.55625077271768,44.195324439070276,200.0
25.39440404227619,31.125078221979,83.06971001383756
15.597874557172883,35.62541699676589,184.64593115158056
9.360412042596167,47.22381357827771,119.70695896205532
5.2222977969978714,36.27166847908233,200.0
1.9677683987121384,57.269638512334055,200.0
11.017318179336115,36.003638143853976,111.66717061083261
6.218246273578483,42.24684725751886,122.522143204571
2.888731452011629,49.325908318730896,192.9793943489901
6.767135578787367,25.816342670669684,130.64346751052426
4.592259981928025,22.39191188019224,147.7294391033881
18.435708175362823,24.743436854299052,151.2694210271205
14.408198784747253,52.62584103427182,54.016342190117186
9.960136793416913,34.481418541075534,149.30811269528814
17.39972069445013,65.58199285668252,115.51361129679131
10.386841538238091,34.357524013426115,125.3438588800114
5.693578993358682,41.84551303197037,200.0
17.615620386348287,55.421099525678756,87.1746552860372
12.694550218423293,60.06092888159123,190.66025933739886
4.813769228367718,60.615035766363974,136.05185348340956
9.048306609581958,52.083662305931426,136.01199157520827
5.621908733076214,50.240625258114626,189.51859480258557
3.0860013451783193,45.92526949201183,167.00256472844453
14.630887737658206,47.78361076166638,178.53064986097655
19.547083202350652,34.488142836714665,198.40923302664305
3.0071621309042937,31.81801116577693,133.43458084083386
12.814846183452854,39.96625542589048,119.38816327461248
6.746787154390866,38.298153774750716,95.7424736721101
7.5643730811765195,35.46771950672725,108.72947350105224
7.038030378805654,46.963874474567156,200.0
5.68004615160092,49.553052085705104,200.0
10.242608139724135,40.884068862918475,82.44628168959893
5.845249417944811,54.77530081055262,83.87710216282149
11.352284128899194,28.58310885866495,174.09330308592456
9.748809452754315,38.06340540720282,177.36323986889835
8.805259765667952,32.831776793971954,177.44419176586823
5.46218168979201,21.3346338292694,137.2522103223151
7.116143347158337,39.17319314157301,143.72728699985498
13.77695612912878,38.78252491616716,166.39397620796788
12.504585938121904,55.13449743242131,154.2946503146665
5.112223776007244,46.30811684554777,39.03498136262324
10.496661527146129,29.75813175670795,138.5100184712403
13.756935616858945,58.54092566334188,107.42967828698431
1.652973594393142,52.21033695525353,158.7605709454256
12.716800961899676,45.82097703468616,200.0
6.686881205270767,37.73515901150168,168.37408327371523
12.852993342965796,30.405607632765204,134.3235156913801
6.183704217287415,36.27793223928947,196.0900750988626
1.0,50.88748619704186,174.13439436046065
1.8622878105841867,58.84586305934609,171.00472452259206
10.24042473330691,55.43243528272189,180.34252966078355
11.298612508607409,35.11150578213726,200.0
5.478416874477957,28.803825667109887,93.45557823370422
13.19296229388687,41.40886246911204,173.68160384057273
1.6923996886552004,22.315606344371485,103.68094350092308
9.669601006763417,43.23167714184781,177.7756323171124
3.944919001187717,38.52397413701331,104.06567442569528
6.740819460989204,35.33963498131758,129.13165931974578
10.23699335658207,24.052969327332043,135.24550428810468
5.697933173580238,45.136001065697165,198.79083596723547
8.077222278850874,34.672991603380886,195.9227221971207
15.031464046072202,28.30083164289712,87.71413117768077
7.115540652384256,11.277377867183507,152.74670554999244
14.178460560325709,39.724850949493636,114.52100726254136
4.3514657267119095,57.72251596669744,87.07475446623327
12.649020889576414,56.6125921454787,139.1491474787815
17.207843103289502,35.429037434137285,134.57586057720903
1.0,33.97787939638219,200.0
6.015523722647616,44.68774256075024,171.64799126803481
12.8853606359027,30.016145608117085,81.11912496228814
8.984773069785037,43.01791899819466,121.76129979145288
11.855729366856544,47.660802783846904,200.0
6.980074066420897,52.26933223884308,200.0
10.4329489373645,38.99845923520047,70.70083438810208
9.221613823039602,37.96326249823034,56.00378074304774
15.838910308299036,31.220174132434387,200.0
11.272104216506065,31.7311964596014,169.4807088685452
11.68801331037601,37.73521108098473,106.58536340618167
7.940615169387663,43.67365506816178,176.73145430612178
7.561968879637533,49.13584626233249,18.21261304915612
7.837209060901896,31.96821049319655,150.16877532985805
11.972260711891485,54.92688568959522,166.39105864215426
7.895077595898686,37.28876398957431,196.2135069768915
11.448874284482065,39.78632705651564,99.30520238537312
20.377003993227195,32.527883208521764,154.28435807016794
14.355623517158461,15.757597397270583,103.72876869702063
8.369882339160794,48.8404539636105,162.76918778371586
16.006069610819722,47.36843897092433,105.2326838818488
7.959623134892243,37.18672442881787,129.59495804198897
1.0,40.66990717224872,100.20923026048854
4.959568445412979,45.15939217704099,182.55681209118285
1.0,24.374541431134574,192.92255583283327
8.242432579793457,34.70947322653705,138.26897150212932
10.092091895947759,47.94264679621827,151.91189974800142
18.382186561376415,27.457105768307507,77.5704292683228
11.634636868820813,42.935579321666296,135.01616759966066
8.904497355955678,26.43418195376595,147.48976914791277
14.147027905917446,44.66429982433527,200.0
1.0,39.643585177025166,94.40164871129181
11.17807279054283,23.848681840944906,200.0
13.854325969434834,51.64739354457171,199.8429386732904
2.607068771100792,32.65408423201951,164.03182022450682
15.718770216034645,31.89747562985619,200.0
11.69248203747207,42.00569197230943,168.60527363034313
7.923560430495994,51.48637349428715,169.45795978339643
13.163909330531425,29.84178181021603,147.34396734912272
21.35346428902198,40.61679849847972,200.0
10.909331275292477,44.28816500330573,200.0
11.24110293150168,46.93105607263144,118.71613562518938
7.7031955022987795,41.76441555277225,84.03764027006163
5.750778152676041,36.329721609166775,139.85096813021715
14.151679082721227,31.724097793512804,109.99807178011767
5.719580870455664,40.86143883046375,146.82377126923225
10.357831186096963,29.278609880143932,200.0
7.611712766174417,10.786495165053928,127.1349172456605
12.394899128731959,44.365598041576675,147.85883093442126
11.668310526434741,49.039348410861955,152.90113674041976
15.187699721289496,16.370675644581617,192.42154411026422
7.449918005726265,29.902692952900622,37.65553330076973
8.650625323533143,46.191542610051975,119.66498526173515
5.106181421088463,60.574954697116986,160.56418461397362
7.778533699619442,40.20793707675408,200.0
11.886502465224261,32.71997058770866,125.40487762468975
13.784943083226759,38.1710355889516,56.17236469790629
5.389173379111873,53.74876419148185,180.9855722983068
14.348029600528301,33.54035820875465,118.23188055871853
16.778189294024756,32.00807993349746,90.51666704548194
12.067174516118504,35.17256477817968,118.7827305143388
19.38397906279033,30.466713917412875,140.77373211720752
6.1310540044821344,41.22670315994795,119.76276677308937
3.776726483442915,56.246784584695604,39.72169714504655
1.1063987554786063,43.23079273116029,194.8533098443566
17.480221557445915,37.47646497873713,200.0
13.271828281770288,37.08188731084456,182.5760995669753
9.722076645447725,24.36809191303343,93.11571647875917
11.399843131599102,48.83109777147159,139.9254233026241
4.372554763508117,39.22162802987198,149.6739342385271
22.22875989808413,38.19520086409374,179.93971947809553
10.646105909876137,71.93107567844861,183.41702443590404
10.546973973024464,42.98752908365686,113.29131006107522
13.62883311949346,32.48208949904816,154.099777820678
12.405046158683566,35.736424037944566,172.86402023076207
11.119420121395656,51.48445709196755,200.0
6.0476277227734405,41.13270410537764,185.22532699123616
12.357341785679978,25.617220216826333,189.45283436877594
19.41012248237517,49.19228934575204,154.19133139646806
16.727100230774887,33.31855914461006,200.0
17.965933133196984,58.73297776217545,170.48813979797487
7.443921617844074,50.80048065714649,106.94560449132148
5.051975898707096,35.52678104341249,200.0
9.37106539950176,52.81016361735113,184.8951636269514
10.278624561443474,40.678555105274036,127.84779894357588
15.470957592354743,48.52773675122219,126.02535163003783
1.5376768514259034,44.84732817294475,164.8287772570381
17.64775159730307,31.536433450091266,173.15923976337925
9.209960507105054,33.56450167682538,159.8646132815603
7.865594650262899,50.29960817581161,165.56543367214425
4.939478123699162,36.65224667893459,200.0
1.7257166406711537,35.96351536758003,200.0
14.115852919809573,30.44877420650647,159.5317795632512
10.366589835942019,44.235990655934614,197.06552903837417
3.5501955012947306,60.625249192431454,98.37380482362303
3.5246061396819197,29.32467085745727,169.89635249734044
8.321076503549358,40.24219456672758,200.0
18.345107626446964,54.12220555415429,139.0977052303813
8.702043243181976,39.203586087542845,107.61830356904576
2.4842852344094695,44.52371796249734,117.39555557034697
8.771284679570279,29.376064718531204,95.51834813288059
8.636382151261648,44.28307097207649,110.76190459361483
1.0,38.12855734995451,131.47459507049854
9.728525667410938,49.85729995679863,79.7216490410679
8.84532734895661,51.87386051564751,150.78091669748017
13.481031824067092,65.89563642018614,195.11385868933235
19.244780474726724,45.796331732135755,104.61219099265398
15.632825147738787,43.257963165821664,200.0
8.655556547225848,41.94384301577336,175.53960442637973
4.467370456291649,36.46833707189312,200.0
22.866799016249303,43.38483843461691,117.10827230739315
10.296092170072441,37.04598589860971,192.72626135333078
10.069646459564732,41.68460976269614,95.40330498023435
9.879374564449984,53.1759753560796,194.51237504182544
10.990423803839274,29.934574347203586,158.59196698967656
9.278197940380288,51.39878561129045,177.6625609992392
7.131689965598818,53.17115067339866,91.22026971875742
7.265705293798039,38.81931473008921,105.24650788616977
9.836233648920008,18.781451009914054,179.86141091266924
7.282876144331175,33.921780129055676,102.58259978878996
6.435771086614178,52.96994546561109,173.16031460495614
10.532151138459485,39.77131937701118,81.6431096769877
8.725113912895724,30.00697767705089,192.4087106333334
17.519964942913443,34.95225078771782,88.37383426157454
1.0,48.40620026504553,177.61499688397618
15.45753425961231,45.4673356820138,181.28154668230005
16.230425962488145,37.61067900830306,115.16140907852125
1.0,36.33175588185313,179.10132835423633
8.286562029598256,36.08241850956178,163.0221131666778
8.142795670021043,30.775898155014975,123.05790719036308
2.9624415264108936,56.15375689469442,99.5722657961896
6.110916562045624,36.7767953078866,51.868715416371046
4.447120772670856,52.17158520825497,167.48250236498467
18.761352217118116,55.213160519224516,71.75986143189725
14.678391965737305,49.9831089814796,154.76720997206542
16.357775474970794,35.683796872819514,136.82758919588755
13.608360320216175,44.037300903366095,183.95713877190977
4.354741143913854,39.758043936090836,134.8977250255068
7.377398668601131,30.96298139269872,133.52761068264545
12.44687280613959,43.24359281721603,186.59353521441477
3.8893609555402726,28.209602088401976,166.75290145420587
13.56499215086194,51.87679388461564,165.8077978591389
8.798373009209325,35.35382702701607,173.46337949042632
8.125895962252013,42.01159655872839,73.2213938396447
13.554799841017457,42.83287871546142,187.8394339993491
12.2213165574302,37.410950262959226,180.6234397006801
8.1951691709046,45.86693801475275,99.16584357117515
15.79664901682124,35.25096343377476,137.79597631628994
4.594683362000513,48.71297297457244,148.03463561861844
13.079678034721319,26.540203197532513,143.27516077991336
12.965506289841919,41.26379579546412,166.69299832842674
8.452267803430049,59.389289990582846,200.0
11.63066511121059,29.996686753944253,200.0
3.744432118073485,33.222550294751485,84.38904032842969
14.620135096034506,45.13907849658915,181.10349951530245
9.075489317785054,41.79581781939598,200.0
7.3863848974048025,43.50630099273559,169.34042603446014
15.245046129184447,44.891871301476634,200.0
6.478281547286204,46.3472146856177,200.0
2.957693518182202,51.09699841956223,200.0
2.2168541323804813,44.098186569285126,162.46542978208643
13.030049756728198,37.58742345381457,200.0
3.597853237518585,46.72573701202731,157.24439165484455
18.77397090992182,58.99881934895215,151.1951521642478
1.0,38.67366253617426,132.42928821431337
18.48228184145019,30.254706953293585,200.0
11.055087336013091,51.07080669286972,109.07856670289993
9.516434440648037,38.796188360464015,200.0
7.2754045659552515,18.273304539859637,174.99320618701856
11.995680571760355,48.47421677150422,80.03469125990293
9.811826487875758,34.64671814046077,168.3824646495711
15.516509410082607,39.094667176958396,44.9986746174188
10.571138243310198,43.319803305690144,181.2754008415518
10.751508807309389,41.904996797790666,194.26157414944956
8.18193893893072,47.0945181713904,120.38220221739732
9.715271881394663,35.645136294301565,156.17738479777913
11.539008844460296,45.131057981760826,200.0
1.449158036716872,37.40453322416083,124.71266478690316
3.259072889471435,47.38810480887503,97.05462064716997
13.716320470113574,46.153674840130535,200.0
10.85432719063971,30.645612979554045,200.0
9.080083318236603,50.85982116175032,150.18478359239236
10.092169665326965,34.64036554885952,200.0
11.737908526808354,48.08057798281145,200.0
7.301201598453193,43.67287313401341,112.87578837308081
6.108476372988436,58.38183676795123,125.73470823160659
10.979226275488408,37.76534017628148,200.0
5.10813611192484,36.506832038818025,200.0
12.04126377857236,39.805803941122676,178.14404300871774
1.4870819788107976,36.968202171657246,106.00928232489728
15.145778186628219,47.9994190194205,200.0
12.362987412065216,23.83689391563412,123.45145510940178
11.280148671569378,29.46317580853646,133.2431109414274
14.91345491972757,29.32197078420807,167.11689172448106
18.32737222231288,49.50307591973576,200.0
15.071850325090653,57.10613372581925,192.6987988276112
1.0,38.955507814625285,170.74327501809552
3.602115166321492,38.311782768099896,173.1644265059053
6.875907111521606,40.700521631131814,152.1757334321733
10.130455251054169,51.61878302608191,177.90697572592532
12.588295102345615,30.72646865809426,23.52199611528485
6.371280934232672,42.38368982734785,135.16962704651007
10.933833822385392,49.7519762978243,162.06609674583905
6.223085338233387,45.01094169939845,92.44929581902466
6.942410985040259,41.89581616598743,169.316165890578
2.9666945157588884,50.01046092567141,139.77643895069392
5.383833769445479,12.967677070007628,200.0
3.241576971918332,46.77875319530908,200.0
5.120633735113336,33.45924316872576,126.70972154409185
15.268208983039198,21.693671031435432,142.45811442166524
5.253005555840285,45.11202599524981,146.30262171958037
23.161910324186955,53.73658545162958,127.41702619201887
12.466589504404446,38.62551485372308,159.75124920140632
10.92418061847437,49.528745472029385,112.0858965556205
5.7082110990939325,56.122782579886454,93.46923325312369
13.501549397044958,53.14914453584048,181.13556119501342
7.121810868811131,56.39964529371393,181.47647921109055
10.610049073226808,47.42127491071892,109.78421201700039
22.800422691343975,40.754336389015926,194.76777153812998
9.51970050137675,23.980341881028316,118.42111354173343
15.74636663142838,37.53937511870051,162.65826190189907
6.484117874370563,31.567534046838084,191.0172006306228
9.825057547515192,61.70942717497814,148.31937176481435
18.85400317817755,38.24114187567663,172.73704560705673
6.865164711061163,41.23204806784486,124.17851780562141
19.062242789984644,45.51485376040468,140.17667082859515
13.538759677277376,40.436024463724536,139.707028455983
7.187666120528662,56.95051040430753,112.67108267298806
13.162038695277605,33.77350638265548,141.1612918442109
14.862772248133648,41.94607455237243,72.56908505681267
13.109049811085981,32.57529414301952,125.44231264289476
2.148876400547718,26.799774887792942,135.75622533151645
6.364314120875657,33.882309090947146,137.191012375231
8.762406822242475,39.62963202951588,137.92512770646107
9.627832854499768,35.7069777548274,146.91179000699356
13.10336048775339,33.07579020126144,173.9720759043032
10.88850500466627,25.936825363281663,193.72585370662614
3.323278206449494,39.16894427371305,117.51173865758665
11.900989255029817,24.952796259689975,89.83995723054278
13.052928726419115,47.60055963689602,97.89777938784485
12.798952239655199,40.824397529345035,125.63985394025364
15.403903627773108,25.424485005350697,132.40393410917454
14.16961077274452,36.907909229501364,111.50019669012713
12.295900396142184,32.478435944094166,85.19416678750528
9.649171442706765,43.1917451041918,127.1939586262906
1.6951953324200435,53.40450446023144,159.07133100569857
12.148091095662929,21.248275303542556,179.75147329177824
11.038438435815555,41.150260791474174,122.12884734458395
11.357894185976868,38.398672044333594,129.3501088928283
3.616257120898453,46.713400764504655,103.66508455763446
4.594717297958688,42.131966282376894,148.42804148126118
15.265764266664519,32.48030668261181,107.57856829045927
9.802224230716725,36.80946064333382,178.65639066206
13.407503486863122,32.03974143196511,60.70667540329444
10.141591880652307,50.76007138598598,132.01851637737687
10.148780697478726,40.21311648671942,165.0553669595871
14.691419029879988,59.01190685753008,159.19172581612523
7.419776358913131,39.39339186185379,200.0
10.480603884704918,32.91593233089537,167.49000122839539
7.688623556474788,24.86285607387173,99.79727015789949
7.8275188628384225,21.96860323744055,145.22678764554635
8.454139382656804,24.158640569945103,61.187683326677416
11.110668858168564,42.67126651011483,145.97001253516197
7.606256891682613,45.08725023229934,108.34719714996206
16.278780627867604,24.188092979678665,195.7695137780081
5.526963488902481,48.950383140761154,122.52298627022326
9.065641779193205,35.1693894831656,144.16170421023767
7.801344708629125,41.467930119855495,118.22210792977984
17.234889421768663,56.122206282554245,200.0
10.982773882557874,48.96839315865532,133.9378616941044
15.159222697343175,37.314693520941674,200.0
2.5721981348151406,31.088077745847126,190.70758810591332
11.335251329346294,18.48184598670695,174.1033363667693
14.448153978117185,32.8084668075758,168.436657365876
10.411419946377121,37.88869761172305,169.6898649108126
15.327401875326757,30.12820472848816,53.6163710327195
7.413557749498139,38.68743032907695,136.05583029246216
17.0467372009279,40.768518829587684,192.25789855921607
21.49449061809625,37.751440181919214,147.55514082629472
8.185807197801704,33.4999741917654,79.74050765982125
7.77248739299614,41.68654671966728,147.37977747112652
17.266922385588504,44.41940649569409,200.0
17.897860728653562,29.09600922557154,200.0
7.385699864233659,54.1093237974627,146.89979953169842
7.899065914520714,39.014118677157384,197.57246385290432
8.591076955697464,40.188496229448475,131.67464898159741
3.2777474448286146,47.08214423256557,64.80642065866405
5.406740267579009,42.332161312635016,103.77670059352228
4.979296166239661,49.53136633913245,200.0
6.161012174479358,42.87124165201824,136.30034590853478
9.826575563066093,33.87562625359562,137.8308010312491
11.171073662682604,43.61503525206102,135.00809018625597
17.752502464070385,28.562737926793382,200.0
5.008229796306045,41.085597057765234,200.0
14.921611992382918,39.66770009355539,200.0
8.930055778872456,37.918831427274604,142.04773947999743
9.752681451737836,38.71462488561069,164.78122443735475
13.374097460833019,21.18150954502361,74.16787252896044
4.386389892188507,34.512750922590385,200.0
11.912048730920253,40.928449011411146,91.61102243660325
10.83226104106528,41.598563919974005,160.83877818813144
12.462256320040746,29.72324859074042,95.1348736183578
11.445843219539091,52.65707840864701,120.55665866306519
22.27650069955447,31.338251517854992,108.13687844751499
6.81130007874342,49.69457200526737,119.60623696620911
7.345015224990911,44.27194361871685,123.04386484255107
6.884297367876178,33.53772690156197,122.58656025374614
7.222614404198726,57.75310892609512,191.66669558901535
6.8130643634674115,28.0636316824352,94.75686034687399
15.945082655537758,49.191541736100014,161.02707135069335
17.102521239949276,50.005823180429786,200.0
7.146268531252619,33.293797909233554,124.3401817743302
5.8382221344788565,53.92465300064329,114.10405546261991
12.35707778193202,37.49953485401047,138.47376874098745
7.238884778595144,42.88693629279857,200.0
13.164659088777555,42.603218387712204,159.70538154766788
11.0146151042565,38.65691258529452,123.43928526962007
2.4212794250138403,48.10808273159782,174.19383255940198
17.737526006650306,47.93488720552213,94.88539250817882
18.97938836547761,22.514680267618193,184.0679755221474
6.936056547578069,53.043402428781526,170.43036538508838
8.06149220032008,23.375080119643258,134.6095764430558
11.429326953624525,50.32546204341657,108.07071007763845
11.672283949935125,51.26705136827583,105.66595388582714
13.292721363364151,29.09033569784802,176.7408668172955
20.051022693831747,35.891857120454155,200.0
9.115263862529753,28.94295331514064,118.13461264856026
6.008513777307732,37.850789697112646,172.91933517757423
3.103403859927364,36.919657158142584,45.648649069896564
6.345349800290405,47.796605322693395,120.76911346714002
9.834365135631014,53.10308746119608,148.44705335645492
18.97278931758894,53.95683810789956,104.51582915090832
7.411943504819143,34.37831973421698,103.1746812605202
11.118939758194493,37.90778126255472,116.6110221765557
9.91788551963624,23.165618077790498,164.60963641631866
15.94196636724042,31.94129933503811,140.63354907968127
22.63466212936811,49.64851633097457,38.0884383337514
7.3456561353983965,56.15582823548232,43.9649923682467
7.55280278740889,27.65651128120078,119.65674110714123
15.22080438534536,34.075357408471056,172.8843293026776
13.409457448131556,39.73594243041073,12.624757863738267
19.23353662868017,42.80161158819607,125.01349119241847
12.91964092662982,31.90396480078354,123.68760717412894
8.203539546064702,44.24061044464089,200.0
12.953274153461546,35.26160652929084,130.74890941435683
15.54351790291454,39.855477291217206,169.1494492370464
14.10241090598682,45.462842480037,157.06285700437317
12.536370155536488,40.064222698109376,43.471676009639964
15.33337344794577,35.63614109473431,188.41036083158687
15.846477952228364,38.90390196074169,160.7698252728144
16.910794955187637,39.11637040794665,175.41343198372948
13.243549437948214,36.29988970117872,200.0
9.164409598415729,37.41203937332897,45.79435302507058
10.733568432166614,55.986471705047165,200.0
16.032544832541785,45.60919447941239,135.62762402998223
5.91532164506382,37.045196819708394,164.36644522015047
11.843366544364507,46.969544045107355,147.7243877349379
8.033305938363197,36.6618051024399,128.7881833300978
10.143724114674088,51.73124637586641,121.50835358806206
16.392259313036494,43.69642192198094,166.47543677865045
10.955495340099517,38.92697855995771,74.14131516641605
10.232182740780743,44.477169258102776,187.52895837608827
3.200719295100404,24.291238479315005,129.1902797557373
13.731267830136105,28.73232531090195,93.49653304798211
13.227420905705376,28.060749936009444,127.49935710020932
20.8162736165273,41.429430947637066,200.0
8.461108825234996,57.32514999485092,123.23324564918885
11.095751638319694,62.31300146192632,167.922680910481
11.246918418553776,46.380511014407574,113.45218621422634
17.887266398817374,45.00844474944457,187.89609249618098
9.52352233806524,21.98942265847261,184.2753869395102
11.395107628851695,34.57326200265978,200.0
13.039482548582697,32.12216248091761,141.22180272503923
10.93304561578179,33.79152401748884,183.43274023789533
7.767831927247359,38.318561814152105,154.90337697694721
10.970449964491538,35.27909422302873,200.0
15.36815874929886,20.207001896242122,114.05838061956348
4.867423502944699,47.47910256117534,187.25026564386405
10.66484837073438,29.272569742601934,140.2651351941659
6.499395925304134,42.39246864111149,146.7905911445751
15.975233144624212,60.740826697499735,154.58762422241864
2.384065476081126,30.806154084135766,162.61201982133386
7.205390763642058,14.697124772536704,144.18854784390209
11.886059375322604,37.139957781198895,160.73565915852632
17.827620146171704,51.00959634998571,200.0
9.67124869463506,59.583474542205934,199.27248428076092
7.224002366534008,27.70450405547583,193.45772962484483
19.40578534720295,44.966992232365214,127.22302369880646
2.7599304979187798,35.34689543219947,105.53795858858379
1.0,38.94051645695864,197.76502791188764
12.200072250266661,66.44343347017035,193.8023396264897
7.489728878236944,24.970296716048466,200.0
4.893835914346434,42.537396614945735,119.80096870153852
13.541782236496767,44.676931717654334,138.52256723198263
11.219003568855994,50.857863249393475,68.0257918737283
7.179606846316358,40.97983153470896,130.37644469695636
3.5984780066455277,43.08050539504102,199.82852552897236
14.362286641400724,36.08351432578209,126.6752310385901
13.251005889793305,42.69126941245107,182.0239897600412
9.504120681103085,36.5680772450259,140.47484470010943
19.233184980238327,46.21571889856051,166.20285141107803
4.649576168369237,36.30389663956366,92.61543050921664
2.3723741453763054,43.77100393902187,154.26047248169505
6.540459650593778,39.707371863150215,1.0
9.772069918222511,51.26050250772168,140.65519209190074
11.216697246613458,39.48606276411514,68.476337814243
8.793819710718351,22.269675317931185,200.0
11.760276982571483,52.619215007139914,188.87036763822556
3.74230287904778,30.94267699137381,173.33354909830405
17.218823020366298,33.4623366135118,200.0
9.589244108037157,34.04338705956508,102.55417395875813
15.586479157940637,53.74438093170817,200.0
11.713626731888521,18.643257860213044,196.60957821301923
12.28376609576892,71.37748533659993,138.1722356390527
12.84883640116102,50.56056809066052,200.0
12.238542800086574,42.2323891412916,94.68532437941829
13.21361379933772,39.451059993837134,108.77429192361632
16.645762650662157,42.85554074857657,119.57051383801499
10.982605848507351,45.211224283793385,123.55111459679924
13.545018787942562,46.45215585950057,97.17211786198736
9.551321528563866,45.55604466003449,200.0
17.200586077247365,40.895806812552486,137.05727998150843
6.618038489703651,38.02661579692674,167.62524841784398
19.00470216455408,38.487267163464885,121.48243167931597
9.799210246778284,38.05091719647319,58.96983497257415
2.8461244894097595,51.337700968670646,163.50286791957112
10.640522074553946,45.935567222808615,54.387251229011156
6.594741712625596,10.596113653357197,146.56829769572656
14.20321774494362,46.55900776529761,81.58424805835948
6.736880103488046,41.94736194718775,200.0
7.7690828339261016,39.81291243554102,195.5681361087361
1.0,36.11481546911114,155.28768956357402
7.7384684037546165,51.24112719986013,200.0
1.0,49.475264621228575,107.6842011267132
2.0804858825713834,32.27122332176391,177.17396893350465
13.802073280721487,44.07052287124535,159.99052168593568
13.929000793254161,30.283432654587138,163.2010040666835
12.127287808924823,26.203818352110694,200.0
5.165119284353935,33.73282775410035,186.62460513899012
9.7614432192901,48.62393472382759,164.43618314125115
9.981987304547157,49.53125045376087,67.25562818858519
4.208176554037286,45.130854200972934,101.99768523602681
17.51699150883575,47.25095786847997,143.8645533202138
14.386811452878357,45.16178287114958,154.66861871383256
8.89517913085168,33.585184047770476,93.48981376630381
10.134429194972654,44.31922544673941,200.0
11.041914039737762,48.00409525227683,200.0
1.0,47.542913298135744,180.10591601962417
8.764113087397016,51.88913371474643,153.60184306418725
6.590078760011007,47.083038472010635,139.3895515049424
4.991899950525422,43.51448207541583,102.40407699888823
8.594498535570226,50.701502383164275,153.87402592594313
18.988432634247612,39.7347874075094,162.88762700713752
13.20421430633505,31.18125348772282,87.91197122591879
7.144105051086016,38.36933036056236,166.70882086224486
12.862913906780793,32.55097355193551,142.23704755876255
