ecg,true_label
0.8767436859499643,0
0.26045008650367635,1
-0.01797433138215509,1
-0.20841088810945252,0
0.5773001795871963,1
0.7156982313457125,0
0.4869983348263147,0
0.24015291622733964,0
-0.15790631253348927,1
0.3387768769293034,0
0.02447242658512755,1
0.44139151476573624,0
-0.6371720984631513,0
-0.11890155178908096,1
-0.17799736193577745,1
0.31431612103932394,1
0.1145733835020869,0
1.5611328954116943,1
-0.10194075030023114,0
0.5329097886967611,0
-0.2970888225073638,1
0.8674841457396889,0
0.4656069853320925,1
1.247439456142165,1
1.1013050235669353,0
0.47546335345353496,1
0.8593946287377418,1
0.30847176478804994,1
0.28293903624785477,0
0.5395126705004653,1
0.05872628642394678,0
1.0654485405782557,1
1.0513231849661542,1
0.7964111121509787,1
0.7931905341348044,1
0.6247651894165389,0
-0.42242616284199275,1
0.5254856144683561,0
1.1600035051614963,0
0.009856940615461607,1
0.947598027610655,0
0.9028846781588936,1
1.3392455239775378,1
0.6925535404752624,1
1.055666532894212,0
0.4663115734384755,0
2.1077129961365344,1
1.0243648452303027,0
1.073683456191109,0
0.7328730290982629,0
0.9576511730536941,1
0.6854781321905136,0
0.7325490209373493,0
0.4487399030061884,1
0.4781717417851951,1
1.3908538606567742,0
1.072631356587052,1
0.7711733341862826,1
0.340549765498806,1
0.40998922063665194,0
0.4443718009329006,1
0.9127869345948076,1
0.6014264804802403,0
0.73083074273611,0
0.530481752787503,1
1.3952783444962085,1
0.19541567809888816,0
1.1168410872753511,1
0.083494706592112,1
1.1217018285091647,0
0.8415258038392317,0
1.2491216463529575,1
0.6957034023260421,0
0.4111972812163762,0
1.159208395084978,0
0.8708584882020829,1
0.770548515722138,1
0.1808149724125706,0
0.8878733319040508,0
1.11857922552963,1
1.0183516393194039,0
0.6179636677515676,1
1.0020095736111345,1
0.1289393928724385,1
0.5866066369184031,0
1.2022594795160793,1
1.1562516898094617,0
0.8053262325127621,0
0.51740106242573,1
1.3588921346759366,0
1.0642040031235394,0
1.1045374140399993,1
1.1438935040601745,1
0.006849033142055205,1
0.43507957946262654,1
0.6807310252763477,1
1.0389314210597556,1
0.39601696770455286,1
1.1543111304833142,1
0.7411249426564586,0
1.4421188849558515,0
1.8057231777790772,1
0.795801722398165,0
1.4176491017459767,0
1.0648106760434175,1
0.9241163596080099,0
0.9125824000370737,1
1.2832936525016865,1
1.5923321969478788,1
0.2633495640411394,1
0.3580160664338685,0
1.0637534674327762,1
0.8275201261493643,0
0.4135039311795625,1
0.3792858673201457,0
0.2761130033349808,1
0.7224631065087253,1
1.0606825399605744,1
1.137044989093736,1
0.4989131210493553,0
0.11538796773355653,0
0.7382575223791148,0
0.9479369360137165,0
0.9764454751949083,0
1.3206929659681088,0
0.733447137462574,0
1.3853318026760542,1
0.49584165029889826,1
0.5764493655629566,1
1.4605115882658732,1
0.8605836715478944,1
0.8810280679665937,0
0.8309165635299495,1
1.0879008902335592,0
1.1490368980411403,1
0.9630296602498829,0
0.7682304815737151,1
-0.175847940647339,1
1.0802444591549056,1
0.4668264856493965,0
0.9680632333179835,0
0.42509118440836247,0
0.940668871652129,1
0.3624430929037769,0
-0.17391699645662573,1
1.1327973888095704,1
0.22019152175193685,1
0.8321220328501697,0
0.1217358954596931,1
0.2571192162903953,1
0.451667444714864,1
0.6130317821842287,0
0.6339678803519255,0
0.6414699556310994,0
1.036119587463786,1
0.7804508821502931,1
1.2450406651143429,0
0.001113142588418825,1
-0.3464571384426274,1
0.8392966189307498,0
0.7222137679488921,0
-0.16364661443123557,0
-0.15333339251789296,1
0.8960692618438553,0
-0.7249624358149855,0
0.9737377947553423,1
0.34966109402564416,0
0.10150439437300383,1
0.0807214540694999,1
0.8513538762504632,0
0.6618856089053256,1
0.39861703465128007,1
0.5108815488001407,1
0.30479394634683854,0
0.5608103759809492,0
-0.3362033619379758,1
0.5007726476549493,1
-0.47746428665891977,0
-0.8505011393064021,0
-0.3228655814340062,1
-0.15257992331521045,1
0.886855065182193,0
-0.7728451563432581,1
0.8630510104482727,1
0.1638130403546591,0
0.3120918733459036,1
-0.5373441718977764,1
0.23890063352529964,0
-0.9219694378430876,0
0.13559435874023004,0
0.8890572792545818,0
0.0765848253319733,1
-0.41078001020045585,0
-0.6779990848885552,0
-0.8645702232700114,0
-0.0393319552102985,0
-0.9292243614444324,1
-0.49197267984167037,0
-0.3691358630881316,0
-0.08544511893735574,0
0.05287158621255483,0
-0.15724455502665516,0
-0.007668567261082226,0
0.1078140878535232,0
-0.7222855493170155,1
-0.5625144847442085,1
-0.2575712209441522,0
-0.8228494437816825,0
-0.997712002599714,1
-0.4681140958343599,1
-0.5157929987602934,0
-1.221866163503543,1
-0.953515008304927,1
-0.5079748168209206,1
-0.4291317074670712,0
0.16347175060136332,0
-1.103196859546967,1
-0.8487463763019156,1
-1.0409527885760217,1
-0.41648353884806766,1
0.01682149901592278,1
-0.3527605551811995,0
-0.5412164641336193,0
-1.6030619480915935,1
-1.2058439961875607,0
-1.62898186565216,0
-0.009749936948754034,0
-0.3510733985252922,1
-0.3793219701538596,1
-0.7205289952282552,0
-0.8069990033908144,0
-0.7021761389977322,0
-1.1578193521028375,0
-0.33650086913004146,0
-1.2909495156486155,1
-1.142474886246147,1
-0.7929112941587482,1
0.21652186849391275,1
-1.4805741338158032,1
-0.8358323492892,0
-0.6658211674197216,1
-0.89110777499674,1
0.4508189681621583,0
-0.8205817478384896,0
-1.390655390027025,1
-0.41304879773583086,0
-1.0779001128148114,1
-1.0144394870300006,0
-1.126738705968853,1
-1.3060398457008957,1
-0.5489006195701596,1
-0.022204144096955036,1
-0.7095965842514,1
-1.1286112081270296,0
-0.3023625499552449,1
-1.089179272758984,0
-1.3317814792760285,0
-0.7949668145957266,0
-0.8938496805968638,0
-0.20714783529281833,1
-0.6987639431218415,0
-0.6988605893092058,0
-1.7661871491936902,1
-1.9465498388083973,0
-0.5557257130852745,1
-1.1444195748451242,0
-0.7459692167896413,1
-0.8621990087869718,1
-1.6361778507906541,0
-1.2573945606006307,1
-0.061978467463732256,0
-0.3057914400388322,0
-0.8182510022522429,1
-1.1831198392006421,1
-0.9042082175632625,1
-1.0196569715274193,1
-0.6905569946249913,1
-1.2254788436310244,1
-0.42546933976717916,1
-1.107973495790375,0
-1.1930638065934454,0
-0.6371381835358104,1
-1.3527680206082864,1
-0.7717326402030673,0
-1.2459613113710848,0
-0.20574379578506818,1
-0.6019105010271162,1
-0.7883031837087315,1
-1.2269411593090247,0
-0.32517972756828684,0
-1.3437744303422872,1
-0.7168879875487202,1
-0.7544657769087686,1
-1.7135169585751635,1
-0.7271426449197842,1
-0.7891010811077381,0
-0.21683941859985112,1
-0.3831577973223681,0
-0.6308042007633248,0
-0.47278295768813894,0
-0.9849042931788602,1
-0.40900422343733633,0
-0.9910639978716489,1
-0.5840996637407829,0
-0.6904693153610557,0
-0.9952189183047859,1
-0.831459632291013,0
-1.542841562472189,0
-0.9734470229690593,0
-0.2551226680621157,1
-0.40659614922654336,1
-1.2533429384689434,0
-1.5348996033155737,1
-0.4680694494042232,1
-0.8546734788930632,0
-0.6330321991863641,1
-0.7160718128827583,1
-1.0212334188158676,1
-0.4135595054548741,0
-0.3636253192772971,0
-1.2485675007261747,0
0.07649136813605606,0
-0.9928709387968634,1
0.4766510892654424,0
-1.468760413061502,1
-0.1367678104836892,1
-1.3489919166297868,0
-1.1036564520818808,0
-0.8666907495248234,1
-0.8710933075820717,0
-0.5160979911137082,0
-0.5229804000224059,1
-0.20651322714701043,1
-0.25193223767662065,1
0.1730127528791085,0
0.2118834332828043,1
-0.5231799207432218,1
-0.015005779103709538,0
-0.9247408626497113,0
-0.02062733910119441,0
-0.6710899785217314,1
-0.3873073556742987,0
-0.18532499076353975,1
-0.310359840635832,0
-0.533214358642226,0
-0.2023195640526157,1
-0.32957437027931547,0
-0.5112191408281919,0
0.5105215779978546,1
-0.5452811298067439,0
-0.29625328209315527,0
-0.19041980708618797,1
-0.5939688403598525,0
0.9260739294509512,0
-0.055164383112925736,1
-0.6616006188928165,0
0.2462330953094742,0
0.29554370922783835,0
-0.2045113287507203,0
-0.20540992556319665,1
-1.0382177652362206,0
0.19325973328503074,0
0.28470326201312446,0
-0.5424998164323418,1
0.17860904390444934,1
-0.03750816060979442,1
0.7136396094291404,1
-0.43230556192989134,1
-0.3434198172360653,1
0.319211610172215,1
0.6985629666342299,1
-0.12097522301396832,0
0.5155028656100229,0
0.584397615303309,0
0.38564824217232985,0
0.42425597686214506,0
0.16366883842214922,0
0.8193550624980432,1
0.5772000279454721,0
-0.6661235689893782,0
0.5939870715935203,0
-0.16852491582752116,0
0.8227512826610308,0
-0.6043762624741063,0
-0.25111947483386277,1
0.9677974588052856,0
0.005167532993029633,0
0.4566830715538299,0
0.34433286680504316,0
0.6450870945075331,1
0.1893261132179539,1
0.5474344172330905,1
1.134161355758852,0
-0.05704720061517898,1
0.8744436607670012,1
-0.3264251338371965,0
0.9002766951028409,0
0.9830669310604974,0
1.2052795342804254,1
0.6145903238525092,0
0.5918259310699875,0
1.1707215596552407,1
0.5822611945417169,0
0.8815994494448061,0
1.3071468836049882,0
0.7501882991061978,0
0.33977738723044437,1
0.497454407232379,1
0.43423086993735255,0
0.47626625892380053,0
0.8931165973575845,1
-0.1302972340127857,1
0.9164518311284504,0
-0.32748582828334993,1
0.5071198396362777,1
0.5213140704975392,1
1.3715180974370869,0
0.9367656449787798,0
1.0332906629301477,1
0.9968280196034864,1
1.0099073696524175,0
1.749136251090873,0
0.9272227674089962,0
1.0369398827209286,1
1.6303834533617925,0
1.2140128923067444,1
0.20858070568924414,1
1.7362118910379203,0
0.07713046670663348,1
1.595830421780759,0
0.8433591795515539,1
1.0904665664574482,0
1.5610955432123905,1
1.320744809251265,0
0.5883181148159378,0
0.9436537757046837,1
0.25649899694074485,0
1.8507307675763698,1
0.8056798726899453,1
0.04019591234804065,0
0.674510175576889,1
1.1855531323235629,0
0.9025419444134107,1
0.6929332077773296,0
1.4377930240277252,1
1.102983280070455,0
1.6494323658239094,1
1.2671008214724677,1
0.6258728353497784,1
0.6707383672450316,0
0.9221025418926633,1
1.3512180258684894,1
0.24888445194926478,1
1.1892754389391156,0
1.0186263809160905,0
0.9456532499659442,0
1.0251020978516947,1
1.0149438193170046,1
0.7761962457120551,1
0.6452999219573237,1
0.5309940534994381,0
0.7115022826290734,0
0.9604349657847351,0
0.3931281202173491,0
1.084099809785634,0
0.12529679424526863,0
0.1822644888317725,1
0.6426691873851531,1
1.3616367749232834,0
1.0562037780197966,1
1.1963479147422014,0
0.6052895883539346,0
0.4360512487373579,0
1.4840285516258915,1
0.6431998247699664,0
1.371000160739401,1
1.2247190871654958,1
0.8899094287215198,1
0.10018798753344549,1
0.6907718535820977,1
1.4883982126914335,1
0.7416210835143706,0
1.4086682304147695,1
0.5051202965887672,0
0.8551138157498306,1
0.36484596756738363,1
1.1871729534686688,1
0.879390775559078,1
0.7448194367901337,1
0.3101924326697728,0
0.9036372638005676,1
0.6861893123897588,0
1.0189870344421883,0
0.938817975331613,0
1.150833895007053,1
1.7588491046387211,1
0.38190159512431665,0
1.2480948179720242,1
1.1800601873473626,1
0.18211204896045213,0
0.6979562370554335,1
0.7948119286716416,1
-0.21717617742079076,1
0.913875838032552,1
0.014742689678948984,0
0.03636027032306255,1
0.667711472227539,1
0.5932112548977237,0
0.06217693248047368,0
0.3483098153944884,0
0.06724100837989211,0
1.0871035371413607,1
0.7841936539998673,0
-0.06148443361707484,1
0.6078862038370149,0
1.0412091025030232,1
0.06224488797118549,1
0.13552236588707783,1
1.4559321485144263,1
0.6792124639966439,1
1.2154614287775245,1
1.3319361998266348,1
0.32864515255190796,1
0.49681667594719436,1
0.5207347182772106,0
0.08741857090217248,0
1.2409393533725768,0
0.11633035563454687,0
0.2811856579015821,0
0.7994464055887418,0
0.008567045563086823,1
-0.28181731587405123,1
0.055288665222541694,0
-0.00906079196658198,0
-0.30534585714295653,1
-0.6837527184888009,1
-0.5376343967449856,1
0.13073581270466683,0
-0.4660017294356728,0
0.0731492046789917,1
-0.335261355935099,1
-0.6914779456803055,0
0.8648700116614241,1
0.3139349123968329,1
-0.1958230289651938,1
-0.13075684797341786,1
0.40773127459633124,1
0.3581899954236698,0
-0.16245641837793068,1
0.21911461098084176,0
-0.8989380044203927,1
0.17193881724026133,0
0.22678009471784227,1
0.164039428707366,1
-0.24438420612206177,1
-0.5708545126736215,0
-0.26487678480807564,0
0.713994193229508,1
-0.9704662765320192,1
-0.22082251750817788,1
-1.4305216231500024,0
0.20762684073199883,1
-0.6988835427895432,1
-0.11856048063015195,0
-0.7021631430306563,1
-1.0130888325451315,0
-0.9949826204155807,0
-0.09032254654744676,0
-0.4338927372243896,0
0.036008376550563215,0
-1.4929798970648325,1
-0.7671323685699575,0
-0.9718260313349592,1
-0.2095310995164527,1
0.13555610011663166,1
-0.6151078535142185,0
-0.6959161489340671,0
-0.3594696068561844,1
-0.40521156404244596,0
-0.14495955961021306,0
-0.74842981390451,1
-0.3176242786523036,1
-0.8574386534995446,0
-0.33987475575987597,1
-0.9315746856366185,1
-0.06749683535328677,0
0.270883791757936,1
-0.7707560355978061,0
-2.1049698127850696,0
-1.7296116841607727,0
-0.7550100478176888,0
-1.323929049090346,1
-0.12095561068663441,0
-0.17320097847721538,0
0.07018957178767393,0
-0.5198532712482479,1
-1.0958091271039547,0
-0.8936058099890736,0
-0.5139199430652,1
0.19969231901144358,1
-1.06848249614418,0
-0.5713998133677927,0
-0.9810116704862231,0
-0.1663640066688573,0
-0.5801936879960512,0
-1.4681830798635995,0
-0.6335617592339547,0
-0.4438598919537651,0
-1.0472384489932107,0
-1.1248501041242398,1
-1.1337244730098597,1
-0.7360359188009897,0
-1.2510169898179502,0
-0.8109852332263734,1
-0.8705520540621368,0
-1.0719198007171418,1
0.19203103337917604,1
-0.8065217859634766,0
-0.8266213400892086,1
0.20821427037083073,1
-1.0418097012486593,1
-1.1546861575442864,0
-0.21774825108761964,0
-1.4102247304921693,0
-1.2756988524398478,1
-1.2818064218912046,0
-0.9126876879812632,1
-1.367635598255335,0
-0.27219776315930144,0
-1.0022202914422313,0
-0.48224656034237423,1
-0.8939566652884186,0
-1.133299475921392,1
-1.2456043049219685,1
-1.0388470180738016,0
0.20230496366693773,0
-0.9834594362366343,1
-0.3793865828995503,0
-0.8070585835399802,0
-0.6216590292563788,1
-0.10701279555024767,1
-0.9572216025990017,0
-0.3367294894567212,1
-1.4779065850034074,0
-0.9421450360063599,1
-1.0881441742982638,1
-0.8986813420516923,1
-1.0187210452644777,1
-1.3071011213176469,0
-0.9403065047996328,1
-0.6748427297678006,1
-0.204807365066776,1
-1.3033204684705022,1
0.6031026669717761,1
-0.1387965614784612,0
-0.2750417804172163,1
-1.2787423043296884,1
-1.8662357016896136,0
-1.5105466093858384,1
-1.2836470746569209,1
-0.18641151186094385,0
-0.41396742932797853,0
-1.1028784479033211,1
-1.0502547352600686,1
-0.7275896261523886,1
-0.4062411541644154,0
-0.8510586928723519,1
-1.0716222093200178,0
-0.5015465976305867,0
0.2230312313010152,1
0.3068232375640877,1
-0.16014333408335713,1
-1.4179899154476594,1
-1.2413547014833926,1
-0.5888700276320004,1
-1.2182941207353157,1
-0.660549734918234,1
-0.79563936901261,0
-0.11742473729005132,0
0.3999962877153228,1
-0.23191254595553096,1
-0.33836283362064795,1
-0.7678275150076561,0
-0.8261022720491751,1
-1.8089120515673889,0
-0.8134483089890925,1
0.2514237364831211,0
-0.42538429410055933,0
-0.8773344590346448,0
-0.25887437766549065,0
-0.9201811442595984,0
0.4536594662565797,1
-0.5124569621126464,1
-0.5163300697299924,1
-0.6391785390888806,0
-0.46361467832932696,1
-0.03671067854378407,1
-0.2709985023158059,1
0.2790238206021128,1
0.5143345265792336,1
-0.606271536880062,1
-0.48302927578274535,0
-0.2871087000508296,0
0.4465392183398067,1
-0.10592469959246953,0
-0.5074870097967015,0
-1.069266813476863,0
-0.03435734447219116,0
0.051102270448120685,0
0.22920841625070626,1
0.29069808612503956,1
-1.0781764240637595,0
-0.3476018023597272,1
-0.06451671401048792,0
-0.06604648162588315,1
-0.031958032462595334,0
0.19042087350726183,1
0.8863107405952436,1
-0.4441940740193398,0
0.36788347082560985,0
0.5030632228404103,1
-0.1054663636855189,0
0.20192150209076554,0
-0.18478231378833446,0
-0.4568825550400171,0
0.24463968703838568,0
0.14703963842831558,1
0.28408602208355915,0
-0.7525601310352917,1
0.42740800920414856,1
0.37249343921740224,1
0.8568579484644298,0
0.2697796848359825,0
-0.508133523070545,1
-0.04536794862935625,0
0.13184906950396647,0
0.5146751002414983,1
-0.056136865859767404,0
0.9469442324926997,1
0.3688897123267444,0
0.17437726786330016,1
0.3531218946468712,1
-0.26559864861408333,0
-0.10881720269133022,1
0.45170375852336,1
1.0174326189164749,0
1.4509755016090142,1
-0.046705319996298345,0
0.1799257715506714,1
-0.19250603831985996,1
1.316876010912126,1
0.5483257324669231,0
0.00022576311114952397,1
1.0678302115692433,1
0.3102404625941715,1
0.970566813529389,0
-0.30863678411913387,0
-0.5961562514422271,0
0.43342378823301264,1
0.28067741050812445,1
1.2334069412567188,0
1.8632469377395815,1
1.2707724992679608,0
0.7146664722585757,1
0.9792520428358784,1
0.6161264424301718,1
0.690467913283664,1
0.8236117770468989,1
0.8984251239738968,0
0.1252022052939059,0
0.33002003362597515,1
0.106065735973637,0
1.0295244482676067,0
1.2615656300240783,0
0.5242106828970845,0
2.120775410129935,1
0.4180716374896842,1
0.4798259273703586,1
1.4453902286333695,1
0.3518882914346442,1
1.5100759022717816,1
0.8460082129128771,0
0.43179120325428705,0
1.1200171783289437,1
0.2874628601264537,1
0.6056265151467624,0
0.3673027851294528,0
0.9051441889279447,1
0.7204888613962167,0
0.12201516562353387,0
1.2345754369986752,0
0.5760464002480715,0
1.0456331542506734,1
0.9385280396552581,0
1.2147564932039843,1
1.6867317253654406,0
1.2159108905137708,0
0.5667610233076882,0
0.9541538285763825,1
1.0074686393417518,0
1.1398321765891537,0
0.14714826658250435,1
1.1247594863221255,1
0.39435583183135636,1
0.5792621491753311,1
0.8860641364243241,1
1.214400926216255,0
0.574049741264616,0
0.6846763086449171,0
0.64125935555665,1
0.5277384981408519,0
0.7651508190853011,0
1.431306563903866,1
0.40403075918053466,0
0.5793998421967794,1
0.9623757144137207,1
1.6007025164899957,0
0.5559700032806367,0
1.4284312572031987,1
0.9316727684867367,1
0.40274495649954445,0
0.29478730999125147,1
0.6499815682589611,0
0.8623782808488113,1
0.9236572013882545,0
1.8598301767133303,1
0.8285685739578109,0
0.9956524549824778,1
1.15151782007031,0
1.3100402145888144,0
0.8511452164363565,0
1.213319165084025,1
0.8364681895448233,1
0.3782466521572264,1
0.19724713393293258,0
1.1548618444150658,1
0.6186931394748671,0
0.871822131781976,1
1.294252932404165,1
0.3971413052644687,1
-0.4002930217638666,0
0.4105878869098963,0
1.4619987815061806,0
1.0132041959660134,0
0.1583117016608423,0
0.8356058411973848,0
1.392674436996085,0
2.273513585286117,0
1.1728673083902204,1
-0.12349146416685175,1
0.6325262084223541,1
0.4575484303039556,1
0.22076677660694943,1
0.6063120498833654,0
1.0755709202158443,1
1.0950053489042892,1
1.0856354794717962,0
1.5392933704409564,1
0.5570699608816237,1
0.14408983126967967,0
0.2809521400379989,1
1.2676298411733764,1
0.8810582485118315,1
1.8904867638334921,0
0.4253808073226796,1
1.455276232702397,0
0.7076766913276944,0
0.09346159890466033,0
1.3250522271652585,1
0.6792673013389918,0
0.8713495461046082,1
0.9100449510864813,0
-0.261455571466919,0
0.8975000274408211,0
-0.4517214583237519,1
0.16463273419284674,1
-0.07384108432925396,1
0.5739953352265923,0
-0.022832886371560224,1
0.19708311300042783,1
0.009542743107954443,1
0.16026060122780253,0
0.40215550297277375,1
0.3774337782649192,0
0.40160758382518635,1
0.09597034138666935,1
0.3232506401223279,0
-0.7009434927153511,0
0.9291776072289415,0
0.38300866782842125,1
-0.23653252443172598,0
0.22709812763920162,1
0.7453888627079112,1
0.5345622954613101,1
0.207631598045073,0
0.4873046362173664,1
0.21642003991464592,0
0.47747954503812656,1
0.5433000239471244,0
0.32629741567848464,0
-0.004207226113210926,1
-0.3274677341686796,1
0.5646182593822706,1
0.19443822901317687,1
-0.6737780115224261,1
0.7074449548497412,1
0.06573358321043178,1
-0.6409067956732262,0
-0.47166004078669055,0
0.25413133085977097,0
-1.0291280138130545,0
0.5071426744024112,1
0.17104488757014458,1
-0.6895526374594725,0
0.0568701037963002,1
-0.6427260395939696,1
-0.33335162404743157,0
-0.768357421471773,1
-0.6247273709462959,1
-0.5734671041956549,0
-0.08379590517537838,0
0.5980685223042203,1
0.15207445656759744,1
0.3250535869334561,1
0.18428431247674748,0
-0.7374277234224458,0
-0.09162983699655419,0
0.13571960503048608,0
-0.5580064986753042,1
-0.6795734594911359,1
-1.114107838435379,0
0.4648850304396387,0
-0.20115663623241786,1
-1.2955326386362984,1
-1.0037422443114732,1
-1.1757691165563053,1
-0.6273118195865824,1
0.06560512990051925,1
0.7635715913651486,0
-0.7560140762708215,0
-0.2518022967880651,0
0.3557405493049728,0
-0.5385828701906087,0
-0.866583616292545,1
0.18291284805485242,0
-0.30209802546821496,1
-1.593768268034035,0
-0.5273285333090203,0
-0.9069800695456917,1
-1.302282659761242,0
-1.3042204738087864,1
-0.505437682811117,1
-0.7084759090935278,1
-0.6851025799428113,1
-0.17647539605501916,0
-1.1184178437027599,1
-0.9791379292774305,1
-0.47024214017268345,1
-1.475962051185614,1
-0.05982390068429522,0
-0.6933387854863599,1
-1.6674566649492728,0
-0.5874042422612407,0
-0.9586571100677482,0
-1.6159349370330105,1
-0.6747533038456782,1
-0.6995077783667876,0
0.07645636401238276,1
-0.34726012097630043,1
-1.1900206416741566,0
-0.8129700422847516,1
-1.1142767675060896,1
-1.3050222951640418,0
-1.244980777300929,1
-1.255243323246702,0
-1.6110421410137699,1
-0.8714537560817138,1
-0.3270412068788916,1
-0.6077935734557464,0
-1.0075149227784357,1
-1.9112245501844138,0
-1.3303125798302489,0
-2.1899506053012376,0
-1.1666414995350454,0
-1.3050632486426728,1
-0.9690878508019519,1
-0.5555925217697,0
-1.1657955868758294,0
-1.0782031443033802,0
-0.49660152780314926,0
-0.664272967882714,0
-0.9613575631283217,1
-1.7481954624515161,0
-1.0226412620604666,0
-0.875064464746161,0
-1.6130514477846756,0
-0.341921360756536,0
-0.2767963065899829,1
-1.515968665107378,0
-1.0996690530345459,1
-0.4766307123820882,1
-0.9803599717344936,1
-0.34547676271136984,1
-0.3846159737746696,0
-0.15621720563386943,0
-0.7031942196719823,1
-1.0047817667873762,1
-1.658147436670903,0
-1.5212060836709846,0
-1.6181221041987186,0
-0.7024970686233315,0
-0.6024923909065913,0
-0.8630874578646773,0
-1.199945127167736,0
-0.4062981163538112,0
-0.6263606787744715,0
-0.9879482266785621,1
-0.36053502855070185,0
-1.2117842564084795,0
0.007798242215045437,0
-0.7824466162309154,0
-0.8241638242833034,1
-1.518247296065105,1
-1.1283077128186396,1
-0.9194558411073639,0
-0.7384072470859281,0
-1.119515672611988,1
-1.118749406813843,0
-0.46569514353725344,1
-0.5309594209176146,1
-0.2875199749576858,1
-1.710045554622536,1
-0.22704232323545215,0
-0.7976348616638279,1
-1.4204982739963774,0
0.028802547013941138,0
-1.0903244252705544,1
-1.2918146648444124,0
-0.7451320102384685,1
0.20020173050798584,0
-0.28595329851893464,1
-0.7801760299653978,0
-1.0929368756352589,1
-0.35902966126889957,0
-0.6755804270110993,1
-0.7699977001045164,0
-0.32997721105925276,0
-1.5322121001300644,0
-0.3543054935398977,1
0.1301352482763063,1
-0.38462625392592165,0
-1.1067181756672881,0
-0.6360994052875086,0
-0.9130607112835492,0
-1.3803193495210815,1
0.1303260998624291,0
-1.2961322145490792,1
0.7241834519976604,0
-0.14049806004949225,0
-0.8690257442337648,0
-1.015449321313317,1
-0.6309481150859495,1
-0.8649419556673967,0
0.418101005401019,1
-0.879723004727654,0
-1.1075849557558586,1
0.20753193930837788,0
-0.4081943306237459,1
-0.6670542963181707,1
-0.8009207639184361,1
-0.27821137936915885,1
-0.7944882935246766,1
0.355822522947179,1
0.3404397224621477,1
-0.15408805018986094,1
-0.1428079153370338,1
-0.3466722334325426,0
0.39776084632003006,1
-1.3392085255656387,1
0.009021567736370702,0
-0.08613148947614252,1
-0.14115939249256154,1
-0.1462774716640315,0
0.12823336853684866,1
0.025105751472320574,0
0.6849636360506218,0
-0.45162460687249995,1
0.5170151178502641,1
0.44985683088936657,0
0.6806494022093081,1
0.6800539163344833,0
-0.18135323134933778,1
-0.29877677338008796,1
1.0094129706084887,0
1.1752461752048207,1
0.23515149779881,1
0.5470640181739819,0
0.33136576893980424,0
0.4195239848911953,0
-0.07517899084926027,1
0.15657067700638352,1
0.9909786152255223,1
0.6609943705325636,1
0.6051371379627728,1
0.5974560822895099,0
0.7253461985785798,1
0.785048584324391,0
0.8824142896307673,1
-0.4364030233633569,0
0.3955143829948975,0
0.05237615739174589,0
0.6313880672039618,0
-0.09151206726086814,1
1.0041498612071051,1
0.8348910821773083,1
1.8882045402415937,1
0.913842556113003,1
0.7270686278922106,1
1.1314865563352199,0
0.7744166380575148,0
0.8392977731756641,1
0.4487711490986094,1
1.17638772837986,0
1.3026109725348434,0
0.5821537130767926,0
1.3434688519960636,1
0.8213151483320844,0
1.4122851357348085,0
1.3184822443602358,0
1.2178982184113463,1
0.20762777706573554,0
1.7956132682957,0
0.506189579578856,1
1.4362641321540786,0
0.3849406373583327,1
1.0220171857213098,0
1.112625982514877,1
1.0462537186783605,0
1.2195608515659007,0
1.0782237477006638,1
0.9340313345024072,0
0.0012580410847929935,1
1.7404550825186946,1
0.6911784587929967,1
0.6852992754124074,1
0.7648618465898767,1
0.8290191405655937,1
0.3091998372219601,1
0.2110407894170805,1
1.655554917219845,1
0.9791328803779741,1
0.6118446732032214,0
1.3077480362651537,1
0.8027007633246535,1
0.5816040554326725,0
0.4834983227518056,0
1.0962934390713839,1
0.2568850941392876,0
0.7474571575173666,1
1.538305027149991,0
0.840545960788042,0
0.25062773339474276,0
1.2522788142117927,0
0.898538216505238,0
0.2659619042195337,1
0.2801071739641806,0
0.5373433023474696,1
1.3691962792669228,1
1.4602882674796644,1
1.5049904058821753,0
2.1317369413687564,0
1.1309551395128645,0
1.6915326703335234,1
0.5553108471035652,1
0.5750992609975649,1
0.11469441591236129,1
1.2568393424066007,0
0.6331600515398828,1
1.4825276668783218,0
1.016577845342076,1
0.8853924459833419,0
1.104834734576484,1
2.2616849380047745,0
1.4935080413210096,1
2.2763492535972425,0
1.1365605613561942,0
1.5746603265810686,0
1.0880801314441158,0
1.5943751379187683,0
0.44875303861593296,0
0.8991839664207575,1
1.4884984642904346,1
1.0822833445763869,1
1.4244203239575963,0
0.8290079181785448,0
1.177704596197301,0
0.47989694166294283,1
0.5518939712105725,1
1.4289372709737749,0
0.10744648755055863,1
0.5247908992052424,1
-0.29230633444557996,1
1.3736320393095491,0
1.2015206370715878,0
0.874077864146424,0
0.9770712764854703,0
1.048079328449295,0
0.36787645339057984,1
0.7550081401095703,0
0.5919278755084418,1
0.34991899317748654,1
0.08956911126282852,0
0.7552458516955401,0
-0.9743905232368163,1
0.24716471572279208,0
0.6577962721936899,1
0.6152021399994495,0
0.8928383138339442,1
1.2996913912963062,1
1.2873548574209548,0
0.3128625875235986,1
0.5888612422825318,0
-0.35075445888619594,0
0.33166158674081075,1
0.24958239519158604,1
1.1395874754129585,0
0.5568745059971791,0
1.8091052413440347,1
0.5276884056953817,0
1.9498141621519396,1
0.7455304560603214,0
0.9992927360495976,1
0.6338277252020359,0
0.5572014564177352,0
-0.4137557549121542,1
0.4950934724885534,0
-0.18010256001745967,1
-0.08987102682523995,0
-0.14024895416690714,1
0.6825213976608224,0
0.7463239530584715,0
0.6176336370760754,0
0.22023165424270347,1
0.31346462065633623,1
0.5378594929465443,1
0.2215220121647897,1
0.7504823048310942,1
-0.30348922704689085,1
0.6665709363933441,1
0.40872992899913596,0
0.4153524479542538,1
-0.47294820919820246,1
1.0786486832520639,1
-0.8822561011029018,0
0.5199983247871734,1
-0.6132288714564179,0
-0.23805224851279166,0
-0.27685654748642996,0
0.2189032810924273,1
0.3287212612320344,0
0.9188386227951076,1
-1.3301014791640398,0
-0.2416247240563973,0
0.25517480532139886,0
0.3633601651257373,0
0.6569918286543416,0
-1.5510741153038423,0
-0.01168487225053956,0
0.2638338810249905,1
0.52515136300905,0
-0.6536057556807571,0
0.9513781063734035,1
-0.6605259412223601,1
-0.5216928805641374,1
-1.4656506091839288,0
-0.2949112162433891,0
0.6568868304532656,1
0.23784913066335045,1
0.568258843196116,0
-0.5398455522001816,1
-0.37881077759642634,1
0.5197059249460135,0
-0.12760413359633588,1
-0.8701181848997186,1
-0.5712537991561737,0
-1.1407738199646709,0
-0.9607946278541908,1
0.4561482292986582,1
-0.8479433658549226,1
-0.36991711950406997,1
-0.8659716680678058,0
-0.17356986966078125,1
-1.0006095918603666,1
-0.20844947631917587,1
-0.6161021611215528,0
-0.4147687610610103,1
-0.04295394192696467,0
-0.9367973799244461,1
-0.11011340054964747,0
-1.6489874748672246,0
-0.2823252643133373,1
-0.5749337138113271,1
-1.0117493776929543,0
-0.8532208659954701,1
-0.5789621083843537,1
-1.3904924473839655,1
-0.39056014888454893,0
-0.5156952985128276,1
-0.4074188715600393,0
-0.7153935692747415,1
-0.4519780983195559,1
0.04845400587077342,0
-0.8157231083703445,0
-1.281697538683911,1
-0.5460189557067089,1
-0.6259509555440725,0
-0.7692592740110977,0
-0.6543589650022177,0
-0.9880138662241336,0
-0.8717459741024878,1
-0.6289781828213962,1
-1.2547419205423322,0
-1.0470726083448845,0
-0.9511992982838445,0
-0.80418132093209,1
-1.3972952610638933,1
-1.245439006308323,0
-1.3409221033391612,1
-0.3402613496192022,1
0.10189997946039409,0
-0.24916793381810387,0
-0.8316405697311002,1
-0.7103986178847823,1
-0.914286198622025,1
-0.7385827035653452,0
-1.7209689600096658,1
-0.5785742802931428,1
-0.8978684854781808,1
-1.5612217651791782,0
-1.5872885100968819,1
-1.756883582613995,1
-0.6480420826903164,1
-1.1656320737889225,0
0.30250233896323564,1
-1.0531502367872336,1
-0.20986931304157874,0
-1.12683705904251,1
-0.8659709521241423,1
-0.5036222372150394,1
-0.47992130123150567,0
-1.6713434136955754,1
-0.789118103384961,0
-1.0938320042371272,0
-0.7267607095664548,1
-0.4966254906978733,0
-0.7025534714503916,0
-1.8556026149063674,1
-1.0261318097742955,0
-0.8153341306561126,0
-0.25683500100993584,1
-1.745220384653926,1
-1.0065056112890935,1
-1.3839716597519103,0
-1.8508349818237404,1
-0.9962582609238139,1
-1.7387879087515379,0
-1.2825179840121885,1
-1.3881056076448701,0
-1.4353849261792284,0
-0.39150943282546113,1
-2.085079388714754,1
-1.2995723191235433,1
-0.3812402869767698,1
-0.98908974868993,0
-1.1222778905655146,0
-0.8196175605275292,0
-1.6997120176104445,1
-0.8080389238636954,0
-0.7167778373753702,1
-0.08713133027563646,1
-1.3715724038201835,1
-0.8064723289544489,0
-0.870124749337515,0
-1.246283521940933,0
-0.7260479174152807,1
-1.2841747217291588,1
0.0712297568844602,0
-0.23728645388594094,0
-0.7742854042555489,0
-1.0410886057762048,1
-0.3074302751871777,0
-0.7593160568846602,0
-0.9029226300025116,1
-1.0886554647762787,1
-1.1341113784414671,0
-0.887201303418026,0
0.11366735876380363,0
-0.8298875984805714,1
-1.028339890066142,0
-0.415054312500297,1
-0.8217242041628436,0
-0.7124757978131765,1
-1.0724526710245186,1
-0.8950301634169526,0
-0.3057170155808812,0
0.2234383861310063,1
-0.7523985438718856,0
-0.363173578798678,0
-0.7257259709741563,1
-0.6610937305194957,0
0.2360352826688421,1
1.0692485026139182,0
-0.16289539917140072,0
-1.8432186593780935,1
-0.537919007446848,1
-0.5419318648933674,0
-0.7159782741124994,1
-0.49969480734105376,1
0.3382516478363226,1
-0.8173825132976491,0
-0.7395164234244437,0
-0.04661402560266775,0
-0.8283601895174155,0
0.7289622437472303,1
-0.2956739164085726,1
-0.05225460069002097,0
-0.08147457461144886,0
-0.46886697221117957,0
0.34680202955772077,1
-0.22852765448960388,1
-0.1765227332044093,0
-0.41518568448630516,0
-0.23844889434730454,1
0.19149286607673122,0
-0.4621725417454142,0
-0.05549602378307371,0
-0.17497557525714336,0
0.06814632046721664,1
-0.39141040856151976,0
-0.3575735294326111,0
-0.050615608351732365,1
-0.5168744224532452,0
0.14274132406315493,1
0.05445846246675515,1
0.029180035186112743,1
1.0207527998611883,0
-0.7724700877435642,1
0.2643922095742599,0
0.4397865481553791,0
-0.8257071168445557,0
-0.02598978475599817,1
-0.8586047627078155,1
0.5227936366965523,1
-0.9883248366680346,0
0.7910913848765082,1
-0.500948987807416,1
0.5862782964375222,1
0.7508360835759142,0
1.2179075150413703,1
-0.10625153024753253,1
0.7777958415375565,1
0.6517827958463625,0
0.2198142656271496,0
0.756461517601436,1
0.06642715755993056,1
0.4571143161316124,0
0.40791866615533334,0
1.2570710184116591,0
-0.06595740278182849,1
0.019685815076092683,0
0.5316753653258737,0
0.2154432594370227,1
0.45251257982884374,0
0.25801101041162994,0
0.34250800126169145,0
1.3092385590700515,0
0.5219339188393745,0
0.6501706457717056,1
1.259654928589757,1
-0.3641876912377666,1
-0.014214583646088963,0
0.3702368496009155,0
0.8219853106587197,1
0.33593224959095247,1
2.114414736725803,1
1.0926008629690156,1
1.3759090546839126,0
0.9484446557714903,1
1.0715683632042556,0
0.9687871277605136,1
1.7881637652841085,0
0.9814796933813673,1
-0.06957196703701252,1
1.4759322636893262,0
0.9424276303678033,0
0.8972976013204635,0
1.14526683806413,1
0.38431569833476503,0
0.6500526086461251,1
-0.40238227034207097,1
1.441795542401278,0
2.7705428413395587,1
0.6258198589594145,0
1.1113767241021404,1
0.8866968681396251,0
1.346690884510017,0
0.6018304999821885,0
1.041597319561928,0
0.35757590119439986,1
1.2576850757390252,1
1.2285348278229016,0
0.7627790389773401,1
1.4982985836268337,1
0.46465506616377633,0
0.9204896468931367,0
0.21665533766515377,1
0.7508310299368335,0
0.6597185835817672,1
1.440869134257866,1
0.7980625970580082,1
0.37254501326853195,0
0.8927691699092143,0
1.2837762218636144,1
1.1150428560340215,0
0.3397949790252205,1
0.826808896585994,1
0.9579097789799904,0
0.7676438593341623,1
0.13436251041645386,1
1.0835754717654398,1
1.4565355120434698,0
0.8618219628759353,1
1.3280789375344484,0
1.4403079627076665,1
1.4916337324987197,1
1.1379947317790686,1
0.9559323294956344,0
0.8464084357798857,0
1.111979955558662,0
1.5288823877092699,0
0.31513811796936464,1
1.1702297545451563,0
0.4422956749829837,0
1.9655831885484956,1
1.3068289269028592,0
0.9777843641727286,1
1.4994743220842381,1
0.8082158147615107,1
0.19870920019940563,1
1.2170416301237037,0
1.1033559796222483,1
1.3444562698009004,1
0.8528894431217643,0
1.305019520703441,1
0.6943286334991143,1
1.9427920247662158,0
0.4876972833521862,0
0.855118390336706,1
2.0685838158963783,1
0.705146144929667,1
0.4311549918544814,1
-0.08521173989722697,1
0.8136341897786408,1
1.1303265656414636,0
1.1181701616647912,1
0.7704820676521797,1
0.22462249862918626,1
-0.34329442805196575,1
-0.02427144352701216,0
0.4009586528681637,0
-0.10197068882983484,1
1.161347490499682,0
0.6007095678702474,0
0.40445510548748104,0
0.09918325487861634,1
0.9480702193397477,1
0.13212096600912382,0
1.174511143148167,0
0.44387225127422886,0
0.48829241470552653,0
1.0182560081081475,1
-0.3040303038588633,1
0.7159985204508149,0
-0.006407380628225656,1
0.5708123200472418,1
0.4803811773538838,1
0.03440582333049147,0
0.4534349723280997,0
1.6888642044066366,0
-0.16370375146753313,0
0.7439047542101589,0
0.20691262594466525,0
1.2440202983181683,1
0.4999453131865685,0
0.4593191783016971,0
0.7024989112511784,1
-0.10935725135848251,0
-0.12418478860740051,0
0.26264576393315253,1
-0.25996627816753154,0
0.26949363457863107,0
-0.04034160249465096,1
-0.5546853707540604,1
-0.08465865020616059,1
0.21667073277792992,0
-0.0498932000552445,0
0.31122973672747156,0
0.1573161723699326,1
0.432333821894365,0
0.4324644911547954,0
0.49623639169164374,1
-0.30329958455408446,1
-0.11160114001767232,1
0.5209695607233884,0
-0.1367989771313889,1
-0.06190286993626848,1
0.07227948936682764,0
-0.050120720570874716,1
0.9058683907909332,1
1.173005768427011,1
-0.7819611627307923,1
-0.2299965520761058,1
0.37496946789737073,0
0.22730839921584653,1
0.009288557044071194,0
0.22704762186118807,1
0.6721453271659683,0
-0.5356709108342217,0
-0.37403537593151126,0
-0.3887678773780997,1
-0.23159259950571628,0
0.17940428727707466,1
-0.9343756937281252,1
-0.8290810983641206,1
-0.4642299928761997,1
-0.2200997637126536,0
-0.3652836493586921,1
-1.230899434755928,1
-0.2633266034120838,0
-0.9755564320419895,1
0.031119630094743722,1
-0.6798591688573954,1
-0.8929467479073279,0
-0.5646007200003855,0
-1.14495049828396,0
-1.1493891891433083,0
0.18990022383609517,1
-0.4866403346135699,1
-1.1136247057210085,0
-0.20219274392064518,1
0.007715726051738536,0
-0.1460895358208767,0
-0.726891787201368,1
-0.8621982104039275,1
-0.7505166495978173,1
-0.9217359232949748,0
-0.0741975796708848,0
-0.03354714596472075,0
-0.9102184049283866,0
-0.6711734957390514,1
-0.9676481047779761,0
-0.2014363236808615,1
-0.19321532399359798,0
-0.43245354727097696,1
-1.391464183165508,0
-0.7245681886648073,1
-1.3544572637299774,0
-0.37566714621727587,1
-0.5645396463040439,0
-1.0833634466787876,0
-1.0605970498183679,0
-0.3508400901930319,0
-0.6529237332841933,1
-0.2914810587321448,0
-0.4946805687401853,1
-1.6288726862512473,0
-1.992492486369812,0
-0.8315339775827034,1
-0.006312298279636419,0
-1.0213532140280768,0
-0.9558356698354695,1
-0.5957201750260501,1
-0.8721330831929643,1
-1.6908549723906052,1
-1.2751383053032277,0
-1.3359913876944365,1
-0.5984916350910168,1
0.8230338779715383,0
-1.3862130563059287,0
-0.7347905970252742,1
-0.6214142297339582,0
-2.011312108301171,1
-1.3875980682528635,0
-0.7983858609072969,0
0.17808270065820964,0
-0.3647052930688848,0
-1.2733033758560506,0
-0.9334491845866837,1
-1.740626157098494,0
-1.441125869365938,1
0.4631905934050341,0
-0.6766023907855763,1
-0.619927423966282,1
-0.5734007589169567,1
-1.0395502965116064,1
-1.8737297172071727,1
-2.072679870757972,1
-0.8825782412233127,0
-0.8513444353888386,0
-0.573012156626177,1
-1.1796280289660284,1
-0.776766783988338,0
-0.983002639835353,1
-1.0063384057624587,1
-0.758230417388007,1
-0.5764911845176752,1
-1.3477459921989576,0
-1.2197792157116019,0
-0.9325136763696313,1
-0.9209054011661093,1
-2.1450774190775035,0
-0.9645813095747875,0
-1.8011726502132566,0
-0.6909366879155974,0
-0.8790202232977296,1
-0.6483007523955505,0
-0.8652916558115606,0
0.39977282862786256,0
-2.0876501782587806,0
-0.9719039538419754,0
-0.34449319678291634,0
-1.6026440139233395,0
-1.7074200887038704,0
-1.2095734838686723,1
-1.313504328423241,0
-1.6673512069593688,1
-0.7741923013054454,0
-0.48885712968674644,0
-0.710753453035313,0
-0.8266144784354937,1
-1.6296898182817072,0
-0.39873059133493644,0
-1.3422617936057744,1
-1.0759834533741341,1
-1.0875871934329384,1
-0.7254592385449624,0
-1.0142277901958168,1
-1.5885949623119662,1
-0.1715374393768362,0
-0.8995063716173053,1
-1.4412570693742592,1
-1.7550639462081064,1
-0.9595153863329864,0
-0.09719198879157165,0
-0.8291556814254021,0
-1.2693225721785282,1
-0.5791223384435111,1
-0.3857229859521665,0
-1.2413414464373058,1
-0.3531153130632255,0
-0.93128463919671,0
-0.21529248505209814,1
-1.1700935741291205,0
-0.7425603590627222,0
-0.15997602026670693,1
-0.33293052071873747,1
-0.3187190827929932,0
-0.5973282162596599,1
0.18281817542105572,1
-0.47412356914503556,0
-0.2682141556830492,0
-0.39705820469773,0
-0.34840735742930334,0
-0.700738061361402,1
-0.2203158120323511,1
-0.3035029497095739,0
-0.7359037568477209,1
0.07050220432593357,1
0.20694827673692306,0
-0.119590031716765,1
-0.4616274055640915,1
-1.7048303842291026,1
-0.3005054096472778,0
-1.3256536877347842,1
-0.25339327193447253,1
-1.2022763422860234,1
-0.516962933776294,0
-0.5238863335996873,0
-0.2071978787182509,0
0.49479807026539846,0
0.27993510165323193,1
-0.09312911937411242,0
-0.5860811305999122,1
-0.15254970659997785,0
0.09343453766590946,1
-1.1048920091660794,0
-0.027429797279447873,1
0.16482581956036446,1
0.29737882172089386,0
0.2822563967610876,1
-0.31055547047211624,0
0.3398221548049373,1
0.0459023470357759,1
-0.06077707283386348,0
0.4647087683152828,1
-0.23254823311018102,0
0.29179866448227615,0
0.1568651159772713,0
-0.03720411136814708,1
-0.08978646362127049,1
0.2905042623398689,0
-0.1284883147660051,0
0.1184420950212265,1
-0.4627690235504963,0
0.33016425251879944,1
-0.04998918371842509,1
-0.08581423649626285,1
0.2733950579509039,1
0.5560591949306315,1
1.0361806578993944,0
0.027834326042612767,0
0.12698550429987887,1
0.6056530716398744,0
0.260105298241015,0
0.5999362671173007,0
1.0123270832902223,0
0.2770622037034763,1
0.7158365414806567,0
1.1983439985445883,1
0.8032842038972079,1
0.6115191469933253,0
0.5070591781193202,1
0.9112290800492482,0
0.4781969228694806,1
0.34208558113199816,1
0.3771098054483142,0
1.045616405320305,1
0.8972277718545167,1
0.7147498538914479,1
0.7394613315186019,1
0.7239418883123578,1
1.0470147417026432,1
-0.13739599397542512,0
0.7367666500972151,1
0.7292564009720905,0
1.3905507466016025,0
0.57067775673959,1
0.4649503291449965,1
0.43124251035520095,0
1.0980822393859824,0
0.9756241442926223,1
0.23764689364316505,0
1.344642775173973,0
1.3229242620508317,0
0.7436258622618424,0
1.747959615092113,0
0.48870919589533673,0
1.0932237891254655,1
0.10700625601772507,1
0.6283214293240788,1
0.5764523652121345,1
0.82565492036384,0
0.7691226334072735,1
1.1094076976601022,1
0.6618242338896039,0
0.25879668770794473,0
0.5210145224674381,0
0.51069907615323,1
0.5420154185948797,0
1.2829588962302436,1
0.6657520252108284,0
0.7836322041271537,0
0.9213640857734019,0
1.8673495023519862,0
0.9959515385000554,1
1.1723724404294935,0
0.1239157866916124,0
0.17330989257602525,1
0.9767805755738475,1
0.6872976371627455,0
0.6052149393501806,0
1.2651099257863976,1
0.86578950765174,0
0.6634500798700227,0
1.7036700142247914,0
0.6873981482728688,1
0.8997648517089358,1
1.3638651889466988,0
1.937282417760251,0
2.043343681825055,1
1.4589407227626037,1
0.4586290287848307,0
0.8275075704427302,1
1.378006399199588,0
1.3974202250634595,1
1.2400771390625196,0
0.6612728060725656,0
1.5514646895221458,1
0.5486975733287787,0
1.2957841007257838,0
0.9988115413162303,0
0.5211580189559495,1
1.2823511083963846,0
1.3236169969582496,1
0.1403373295786562,1
1.0104375608673144,1
1.1742523457211655,1
0.509775883979416,1
1.0580574183098932,1
0.723392283063782,1
0.7652476456717779,0
0.9789063956544117,1
0.3045608022705222,0
0.8434785023127412,1
1.0659497285872241,1
0.84566411040515,1
1.227981628234439,1
0.7167147773625604,1
0.4684041884793609,1
1.0819148160333774,0
1.124732370242286,1
-0.08110441774707289,1
0.8570046489675521,1
0.7713040108131817,0
1.6694606544653774,1
1.0156523233205401,1
0.8094450876520882,0
0.7652222710092963,1
0.7992898430810716,1
1.1966134567601991,0
1.3484055081297819,0
0.7241395263688197,0
0.26660140355405326,1
0.145513746690198,1
1.6284776266720975,0
-0.4026854724490788,1
0.7491356778767302,0
1.0062898991634723,0
0.7686501286397829,1
1.3875252249078913,0
0.627782969182509,1
0.9797001509652714,1
0.5774419696839715,0
0.7580216726860654,1
-0.01515928374623099,0
0.48864344817225847,1
0.8241534832138833,0
0.3022555267438779,1
-0.7176381753792017,0
0.39574474561669004,0
0.45207642968694495,0
1.0311733237542944,1
1.1869698390332926,1
0.46509777809771036,0
-0.5714876384739866,1
0.07052129940524315,0
0.5572867282962943,0
-0.310307931189066,0
0.9937997732373303,1
0.7010332042679427,0
0.43718648511639496,0
-0.05536213277892671,1
1.0726535097292245,1
0.10311931200985905,1
0.42020482667786674,0
-0.24966733174098846,0
-0.14573549335195163,0
-0.03346205268931299,1
-0.7414342094171376,0
0.29034664074580907,0
1.1419183130859305,1
-0.3549727391819379,1
0.13288206315324386,1
0.733130875305039,0
0.7132947397288785,1
0.4087780988036853,1
0.037819932478147036,1
1.3307035099220492,1
-0.08987149170036252,1
0.14517942308823992,0
-0.2692796168130014,1
0.03768133525907179,1
-0.4459179869870579,1
-0.15849419668664155,1
-0.5799649538797449,1
-0.09758973786236572,0
-0.2021580113434625,1
0.5169547493553455,1
0.3975994481751767,1
-0.2875774976814177,1
0.9923655463126152,1
-0.26190593554690683,0
-0.7128683770590416,0
-0.9415320520249634,1
0.686423981827837,1
-0.058447028661772815,0
-0.7099047302050989,1
-0.39513855719142654,0
-0.9071906427644661,0
-0.5001010938955945,0
0.09273267512674538,0
0.3273051941084877,0
-0.2522663534196162,1
-0.8161948783135005,1
-0.21283011419163145,1
-0.17086647178673015,1
-1.0417214190624986,1
-0.8139062677955933,0
0.3475845214429139,1
-0.09411486160594446,1
0.8376541348436901,1
0.42334295018571233,1
-0.01904399787029587,0
-1.3191800769249031,1
-0.2055704276362098,0
-0.5399431375015783,1
-0.33601903384863446,1
0.04559063507129224,1
-0.7910980140097439,1
-0.9519371342119483,1
-0.8596436725467613,0
-0.4717458630093261,1
-0.6671053513634523,0
-1.525017461719794,0
-0.4336946419169221,0
-0.8390838534727836,1
-0.5019824920583128,1
-1.0180332229443316,0
-0.6060198404913005,1
-1.2387619766022928,0
-0.7813100320756424,1
-1.5378086261225383,0
-1.1880367647740766,1
-0.22375458168762363,0
-0.34993203373604864,1
-1.1400575278759244,0
-1.2286801522975026,1
-1.1766576376501323,1
-1.3946464127501212,0
-0.6108209468008637,1
-1.8986578957037914,1
-1.1655948884949314,0
-1.1128657209450745,0
-1.3389079857661184,0
-0.5766261178383479,0
-1.4962125456259572,0
-1.0384968597181006,0
-0.9099288531713312,0
-0.7684208198951458,1
-0.823632754374238,1
-0.21620130046512598,1
-0.7597280500544354,0
-1.348552107564326,1
-0.12341538584643597,0
-0.9388746258250827,0
-0.22700936489576873,1
-1.0362970480519873,1
-1.5410734452567532,1
-0.9659775264980588,1
-0.3658638219547077,0
-0.04300917422707373,0
-1.0788330136460025,1
-0.9661789269264242,1
-0.3899150349347773,1
-0.4417820530941209,1
-1.2524303806599826,0
-0.9967752463226198,0
-1.2002353270696808,1
-1.577912120598562,1
-0.07698774583689316,0
-0.33392954880346803,1
-2.1031982145589483,1
-0.4794809771076377,0
-0.8157891280836843,1
-0.9752375743380067,1
-1.5721398377347784,1
-0.18943287613145177,0
-1.7086247309862288,0
-1.411722601676279,1
-1.1479836394164875,0
-0.4512283391992661,0
-0.9120779366433555,1
-0.3397778830567374,0
-1.747566628590174,0
-0.36544525370791614,1
-0.4764062927671109,1
-1.3318529196051503,0
-0.6697811993535194,1
-0.7304680366254935,1
-1.337653679707666,0
-0.9568493013252787,1
-0.6723853192803276,0
-1.904969436365303,0
-0.1468989745316287,1
-1.0982452961701736,1
-0.33020842554633334,0
-0.8382310692020974,0
-0.6398561140610646,1
-0.09809502049470464,0
-1.612742897442779,1
-1.4299797930189584,0
-1.5553778972683663,1
-1.5842618191064464,0
-1.0532081532337416,1
-0.23615196264149374,1
-1.119030475818643,1
0.6324766152615552,0
-0.9131852288761644,1
-1.228198301495114,1
-0.7343897899951229,0
-1.0050862328610866,0
-0.7535028252796793,1
-0.788807031402498,0
-1.2860856552722932,0
-1.3373973496005447,1
-1.2169021564586084,1
-0.32370324679416385,1
-0.751734862700028,0
-0.9982455388614422,0
-0.6264476756591141,0
-0.44131132994213096,0
-1.0623673163922258,1
-0.3853162723490656,1
-0.6478065590605598,1
-0.24021189370704576,0
0.2651110489870503,0
-0.5620306004848281,0
-0.30620272542577726,0
-0.4980941127910059,0
-0.633695961669656,0
-0.7349474338953418,0
-0.18847662447499502,1
-1.3278692564742998,1
-0.20874082580360478,0
-0.23285036555491734,1
-0.9818884118365432,1
0.021614896714257648,1
-0.5983800572681361,0
-0.3410555139729258,1
-0.1267826639081991,0
-0.3879752629745994,0
-0.8383802166424121,0
-0.7854476219052526,0
0.41484706310428554,0
0.2318154320646249,1
-0.5258785446395671,1
-0.08113343923859756,0
-0.48590659349764775,1
-0.560963815234528,0
-0.5050327463691772,1
-1.049078714326932,1
0.09895946064894201,1
-0.29251775861892804,0
-0.8288538783774434,1
0.24052176321290386,1
0.7990576284199882,1
0.24008803325263,1
0.5417247828249326,0
0.7322247473785954,0
-0.25543957966642694,1
0.21500506920633566,1
0.16829123540852717,1
-0.5482645949508385,0
0.060098958853410434,1
-0.2579205758160361,0
0.2843283563143552,1
-0.3616013603877187,0
-0.7416053777318474,0
0.08798708746695941,0
0.7563534554388116,0
-0.17441312525053504,0
1.106629006154153,0
0.02144348646318678,0
-0.07276336947645695,0
-0.08036651864350686,1
-0.3153326927198076,1
0.825951058211527,0
1.0909615747236463,0
0.46857822481886907,1
0.18460441193131308,1
0.015718461760272306,1
-0.49957508533682926,0
0.8072356190964536,0
-0.5746893937832268,0
1.1349689656969382,1
1.1909346189329924,0
0.4662609117844848,0
0.03277082643992929,0
0.3747727087002371,0
0.8246498963517679,0
0.5829301515588672,0
0.581716128462872,1
0.5533121044296487,1
0.7289388550082354,1
-0.7951148963939797,0
1.0922321207244647,0
0.2708182464798832,0
0.25117885077981505,1
0.10081602540469659,0
0.6097303899556189,1
0.48949469022688374,1
1.7240708378906047,0
0.17995614543616584,1
1.4244948026476052,0
0.6405905091013641,1
-0.21506593988182898,0
0.9762220699165326,1
0.6459623323946181,0
1.0233537698820485,0
0.3977228452792558,1
-0.153345833033822,1
0.9859647464054436,0
0.20269842124484194,0
0.5702289995016345,0
0.974146301014381,0
0.06844727302618814,0
0.15869737524940708,0
0.5681232200466908,1
0.7257978083727915,1
0.7234593240126489,1
1.3932864227246164,0
1.1812412192167974,0
0.7170332919731763,0
0.15229013096970978,1
1.0037572441088278,1
1.308608224623352,1
1.5913488147851562,0
1.0036866980545534,1
1.1171021948232722,1
0.05359272131928394,1
0.6966757178719423,0
0.8715874397544217,1
0.8819361903391886,1
-0.3658801614663606,0
1.0611560543846446,1
0.6622872850467112,1
0.49542451500699664,0
0.5979659656705951,1
0.6861439000893068,1
0.2961496722140853,1
0.44017731803227644,1
0.598782114810569,1
1.0968699586643669,0
0.9188895834670251,1
0.573637163982583,0
1.0825712854964813,0
1.2294677841412471,0
0.8860958946028703,0
0.3632414098048454,1
1.2690269709415498,0
1.335171046483503,0
1.5236351546752742,0
1.033791111281379,0
1.0913790648352624,1
0.8937830223832949,1
1.170697104439268,1
1.2032796795033576,0
-0.23276122444056235,1
1.025079184788337,0
0.9495302162552189,1
1.071674577996304,0
0.3650968467544373,0
0.003706053850644153,1
0.984401382624404,0
0.9009064246894717,0
1.205524281642608,0
1.3888782682365115,0
0.995667482489867,0
1.0378047492174143,1
0.9898659711074268,1
1.0798226114588858,1
0.9492757795013893,1
2.041690733641274,0
1.7260641687960803,0
0.7162535728294868,0
1.3288184597904447,0
1.1274446341217983,0
1.0507442633097543,1
0.7563195628655839,1
0.050191302650016034,1
1.0233156147758333,1
1.641476894793347,0
0.07503554210006158,0
0.7423464743331711,0
0.7986556421216189,0
1.0751093691643099,0
0.9847283250764765,1
1.0557330415737942,1
1.2919810278605062,0
1.2939864792001208,1
0.16758539874605394,1
0.8647020150082838,1
0.23232522305254033,0
0.7334321730357549,0
0.7055310467313779,0
1.0624103225703228,1
0.3274590723983081,0
0.3852193328851365,0
0.2613708016748461,1
0.568961209929858,0
0.9136028066701853,0
-0.5462475876336096,0
0.680220646164583,1
0.9227438546916851,0
0.09775713609299846,1
0.7682817785997013,0
0.44105725050845834,0
1.6161212072971574,1
1.4399735172802808,1
0.7190549655726022,1
0.620479405178024,1
0.8151645136506405,1
-0.11172714051418109,1
0.5613423508777978,0
0.20461564368926705,1
0.7927704755123882,0
0.8724171082794081,0
0.8022685158241731,0
-0.04163638349523424,0
-0.4734098202717137,1
1.1511241949752222,1
-0.3770678500561659,0
0.9236910191773602,0
0.08902257131070995,1
-0.055901056184837095,0
0.6840317060541281,0
-0.20696859978519194,0
0.8565486579192286,1
-0.2995480486511707,1
-0.5563522078540243,1
0.4421890573573311,0
-0.30702646271014117,1
-0.6577370594622963,0
0.00685672786888443,1
-0.8207470225003682,1
0.2729537655511235,1
-0.16792981409085336,1
0.27109001099602287,0
0.499876961209774,0
0.31685974847673964,0
-0.553219097246796,1
0.510541493295696,0
-0.11504625835579742,0
-0.9240126335849116,1
0.3141021993319302,1
-0.33666579093964283,0
-0.7617094551561264,0
0.5186949058127321,1
0.6532694497658611,0
0.1999795880281303,0
-1.0240007400132713,0
0.20090027193370372,0
-0.7363465785032564,1
0.8149832397788803,1
-0.774762719747728,0
-0.05307701361655179,0
-0.17883521356280468,0
0.2974237351662298,0
-0.06152693463268627,0
-0.8166912251080084,1
0.03887438591019565,0
0.5458878152257174,1
-0.035208371106712655,1
-0.6566537585494674,1
-0.1653292215647157,0
-0.8170342034486924,0
-0.4161916099179725,0
-0.22893414073907123,0
-0.3330577124192129,1
-0.9311855778870616,0
-1.089201883454368,0
-0.23807580060121947,1
-0.34267216531303835,0
-1.2907164873691324,0
-1.437661221067961,0
-1.4202990578403094,1
-0.47627455047535294,1
-0.7007617677211433,0
-1.2069179098402956,0
-0.22430848014791438,1
-1.2557708021190745,0
0.208978181269858,1
-0.777025130890323,0
-0.8683062150811856,1
-0.22684418414055263,0
-1.1762362737811298,0
-1.1616973850979786,1
-0.4707412774894156,1
-0.8633789659479885,0
-0.25036903249737796,0
-0.5056329149789385,0
-0.9777667101469878,1
-0.19775700375312688,1
-1.3852828315530519,0
-0.48731762309404186,0
-1.6820981093745526,0
-0.6863705325712544,1
-0.8438313339800533,0
-0.7460915296887014,1
-1.340331999266838,0
-0.5007391104795036,0
-0.6273195687814664,1
0.14898058769291134,1
-0.7091732387925029,0
-0.0814263748149181,0
-0.005802450418853522,1
-0.4985307243868115,0
-1.3757540970635933,1
-1.009818414750945,0
-0.8677195120878405,0
-1.1939793262207794,0
-1.1103494693757499,1
-1.936288985515624,1
-1.4705202021085966,1
-1.0109639268677453,0
-0.9228361884909905,1
-1.9467594163627613,0
-1.386105168865272,0
0.07183605795803649,1
-1.1757681448412498,0
-1.1793424070544374,1
-0.6287312202882666,0
-0.5986317446924803,1
-1.2784522358189236,0
-0.727234696977332,1
-1.2471819157922273,0
-1.3219748492270844,1
-0.5582555393648361,1
-1.4813461259844676,1
-0.24029761332947608,0
-0.5350948926754896,0
-1.3215522156347905,1
-1.7888003971359154,1
0.30652941129253886,1
-1.5591844622059652,0
-1.1679128238594305,1
-0.6817675200568637,0
-0.4369889437373391,0
-1.5265290787263495,1
-0.35170069258363135,1
-1.226891553604577,0
-0.6353667969377698,1
-1.0103844111309852,1
-1.2177293566098197,0
-0.021516201627703402,1
-1.0090980651056871,0
-0.6112343650777201,0
-0.3183526758516928,0
-1.2222323585077657,1
-1.1134741109808888,1
-1.1595390731558108,1
-0.36900153563652616,0
-1.3883105931131439,0
-1.0355047357175802,0
-1.1787330250641113,0
0.2925378129812123,1
-1.20087931851523,0
-0.9056320649882492,1
-0.9349157781998041,1
-0.8129984903642736,0
-0.7791866705454273,0
-0.8614715408331728,1
-0.9790811085332218,1
-0.9824812772413766,1
-0.5241198429109125,1
-0.3722532891135783,0
-0.011218499251882785,0
-1.2875545545117224,1
-1.3713038517971572,1
0.027677549815861457,1
-1.0226144679124287,1
-1.3274494621690716,1
-0.7467724117843871,1
-0.5827795735398829,0
-0.5373864765240672,0
-0.7588340100776629,0
-0.4595097791209518,0
-0.7413274513214327,0
-0.7708293559641544,0
-1.0845290126410618,0
0.8409092659179899,0
-0.40105094975346506,1
-0.8564589840305223,0
-0.6435766852731207,1
-0.4782415116613514,0
0.3729419697610219,0
0.2540659848525141,1
0.2841570728779804,0
-0.3049070915575144,1
-0.9020612447294731,0
0.10339399920571218,1
-1.3499985504076335,1
-0.7564416265266088,1
-0.41473219319977345,1
-0.496276351160237,1
-0.5225141098803735,0
0.8743402194197771,0
-0.05994153314408818,1
-0.7495621729367012,1
-1.4410252756668784,1
-0.04923104068718254,0
-0.42079460756317644,0
-0.7938321657505105,1
-1.213835561480819,0
-0.38292945318232663,0
-0.8541205753902509,0
-0.7256692612193749,0
-0.39785370137778675,1
-0.40466758051663954,0
0.050346490424978435,1
0.3757172313137424,0
-0.1301302157212881,1
-0.27893768245818723,0
0.09707942200224101,0
-0.5923319419064611,0
0.12001244642667735,0
0.10488870356933527,1
0.4244744793593151,0
0.4924684625489436,1
-0.9605311612965318,1
0.4025091248339967,1
-0.010110474325586996,1
-0.05434937581092308,0
-0.5402883823703152,1
1.0244738990728686,0
-0.005445074052538301,1
0.4990200083807691,0
0.3225194397232452,1
-0.08936509394943135,0
0.1830990054368398,0
0.4499123488869425,0
0.415305685852155,1
0.34193051632051136,0
-0.17436607742722063,1
0.40242602109188264,1
0.13746409256366668,1
1.0090608692926522,1
-0.19391427321224475,0
0.3848852919358928,0
0.34573101928167554,1
1.208607820054354,1
-0.11969452707278094,0
-0.12882099532764235,1
0.32866322236167145,1
0.4680871831822253,1
0.6319064135312794,0
-0.07750637719175746,0
0.9139201300849793,0
0.7076394980421499,1
1.121984081513328,0
0.8904284230524362,0
0.8723379973254182,0
1.4708686543336418,1
0.4149042547785291,1
0.5250234638549521,0
0.09331361178078568,0
0.662641948492194,0
1.0347717693507508,0
0.676057443147969,0
0.8626195474927663,0
0.5673996350514044,1
0.10032952917144833,0
0.7420541469617526,0
1.4078870483030246,1
0.4969661184798263,0
0.9043719296421918,1
0.21274570876553456,0
0.7035668688440286,1
-0.26480165043744874,0
1.1124829215937413,0
1.3034357320898367,0
1.2657120177809729,1
1.2734652775757167,0
0.9230400554562195,0
0.6606768826971545,1
1.5621255476438427,1
0.1315218791203956,0
0.1638223184116553,0
1.242053592301298,0
0.32114688900744603,0
-0.6918313548838932,1
0.7677776947991286,0
1.0528490987634171,0
1.2197076380101817,1
1.1915818323545566,1
0.5608220485193505,0
0.9532631881379598,1
1.2788398375934387,0
0.5100929645767636,1
1.6798094016934884,1
0.9875951670976988,1
2.1926056043009226,0
0.5622591360673487,0
0.8176406852112903,0
0.7743610264284722,1
1.4101208446776625,0
0.6786243640212669,0
0.7825965986774023,1
0.1089629196080325,1
0.9108486253509168,0
0.9484709355196216,0
1.078303697450539,0
0.9160607310899194,0
1.4044025602636951,0
0.2495932139436532,1
0.5126610231059694,0
1.3018343760352913,1
0.6719984446843499,0
-0.013229252096067068,0
0.8685204779672243,1
1.6718280834531658,1
0.6570517697164044,0
1.0072044077903188,1
0.4389742327022632,0
0.7789997108496413,1
0.8744970052810814,0
1.3523131259891696,0
1.137567294097002,0
1.594768965533419,1
0.9831121975234662,1
0.9520910798835479,0
1.4362733387117819,0
1.5255372742921791,1
0.6856649667132617,0
0.7880734962984065,1
1.2258865428893124,1
1.2351131596709137,0
0.9365961473713532,0
0.2980344813443426,0
0.2795441512019413,1
0.17419029573164346,1
0.6721029343641233,0
1.3019590850556133,0
1.3457566073809746,1
1.1933053320546068,0
0.7275738092600468,0
1.1878811636725457,1
1.5540218009549744,1
0.5464543692034453,1
1.2893448157507126,1
1.102934179502657,0
0.4730921319523845,0
1.1037375966179563,1
1.6956986125544373,0
0.6928813867584289,1
1.4497056076579078,0
0.53290269760197,1
0.39422564449207576,0
0.6052335891401848,0
0.7640553917789495,1
0.08954119857592946,0
0.7465779590520517,1
0.07437072817014923,0
0.8752692180458219,1
0.8223696193035803,1
0.726579887748414,0
0.822234270535296,1
1.7042625828935127,0
1.0453955253014364,1
0.7254407146025074,1
1.2667384993503696,1
0.7118644285787822,0
0.30091689312197545,1
0.7085572706652146,0
1.0987351720664849,0
0.8257173648251152,1
0.9703916432323662,0
0.19988640557914183,1
0.4674823355820593,1
0.8693131948393524,1
0.05450217613622699,0
0.5905373493483936,1
-0.004906740787917974,0
-0.32225382198454183,0
0.29643626528967415,0
-0.13693976489342202,1
0.4028031931242564,0
0.09543408029851347,1
-0.4299582715148396,1
0.4395943850222552,0
0.22943835468598078,1
0.467367602583837,1
0.7840232399011066,0
0.1466972045116302,1
0.26193062022298297,1
0.8034145068386297,0
-0.4670105488041339,1
-0.018293512949576873,1
0.29357709444321256,0
0.06196145609479936,0
-0.21318079550400582,0
1.3210193861606179,1
0.6105772127411633,0
0.9094550669627008,0
0.31072577822402414,1
-0.32824412300282135,0
-0.2692002602331922,1
-0.5744194877409134,0
0.26809794102527884,0
-0.1442485284723289,1
-0.3989372300257598,0
-0.013654891898194785,1
0.05642350533974197,1
0.03309540406128966,1
0.5923611388909177,1
0.04188996207855125,0
-0.10001692052472233,0
-0.061773712654745044,0
-0.4816013540629759,1
0.3323308502743306,0
0.25792952256913715,0
-0.7078345981740038,0
-0.05621944568749429,1
-0.3401649526616557,1
-0.572671782923956,0
0.13831074405232052,0
0.07750465154269898,1
-0.33323901424874075,0
0.04109170048262434,1
-0.5827289885409961,1
-0.05195166673699153,1
-0.5686537751616011,0
-0.5197551435650456,0
-0.4318811164410925,0
-0.6750044127825454,0
-1.1798089407910357,0
-0.7207676046631597,1
-1.3342841499762945,0
-1.298444267415529,1
-0.5081100735662185,0
-0.08174789714551983,1
0.045970719582547614,0
-0.35762215776886097,0
-0.5067131240952933,1
-1.554259150196604,0
-0.5098930024820088,1
-0.3762661149098093,1
-0.653146820008523,0
-0.8271078587566446,1
-0.23044091008184298,1
-0.5313593710022887,0
-1.6611123034632984,0
-0.7540238468448875,0
-1.349109459657317,0
-0.774167659203018,1
-0.2208513960182526,0
-1.8702579096257068,0
-2.031967699139789,0
-1.0104698785919886,1
-1.6666628313477028,1
-0.872320382352086,1
-1.0898029470755137,1
-0.573353355266408,1
-1.3464578717470403,1
0.4791458982476683,1
-0.5648263128258724,1
-1.5579320945810973,0
-0.7187303900434806,0
-1.0641331699339207,0
-0.31024870465742704,0
-1.2941890091468098,0
-0.5911160350920306,1
-2.453397178867995,1
-0.7309927135336205,0
-1.0451823215480955,1
0.037296090324748454,1
-1.188779168139663,0
-1.008342092065398,0
-0.2137775175993637,1
-1.48784455369786,1
-0.8776471940609603,1
-1.4206124337775523,1
-1.458683755383849,0
-1.2072528125566877,1
-0.7231093393954448,0
-2.7848370907175175,0
-0.38314444888577115,0
-0.6819927940224935,1
-0.5724235829308877,0
-0.4978218102679733,0
-1.6070696785655607,1
-1.065298795347815,0
-2.0961196468595507,0
-0.9686825394198919,1
-1.031265957416652,1
-1.5621446084131638,1
-0.8860164184930008,0
-0.5060659677260915,1
-1.0950389898680375,0
-0.431038099606884,1
-0.7415597030892846,1
-1.1453108431286037,1
-0.37845241822589015,1
-1.3625624956178495,0
-0.2473737372780842,0
-0.24171665432981992,0
-0.8856206412667074,1
-1.0028291224703891,1
-0.6826746532405046,0
-1.1114095827771366,0
-1.1217358712929388,0
-0.44220078241272864,0
-1.156237560904626,1
-0.6499843242601554,1
-0.9752714161138366,1
-1.8339745279012767,1
-0.3383519581449619,0
-0.5752242009952653,1
-1.9251855776596976,0
-1.2318826393513074,1
-1.4108239446778366,1
-2.0667216301711075,0
-0.8467217323256666,1
-0.6181898187709829,0
-0.7701141696325244,0
-1.1495240402794376,1
-1.1979464688633454,0
-0.51724505269304,1
-0.7360826316903777,0
-0.651544940147976,0
-1.4468003197433503,1
-1.0561419451938017,0
-1.0131806792558629,0
-0.24229240129098428,1
-0.6636499939942991,1
-0.05424233652767729,0
-0.27626868808961436,1
-1.3865489758066016,1
-0.9834451645455077,0
-1.1032129270264897,1
-0.5110767659723059,0
0.34502297571214435,1
-0.3090020947915255,0
-0.7690764442473678,0
-0.8530353853017257,1
-0.004202752113744879,1
-0.9891982235722069,1
-0.7365500526356202,0
0.1060135023226575,0
-0.5613189680169994,1
0.21341630379861332,1
-0.593793261108148,1
-0.690717446576779,1
-1.2345199163352372,0
-0.11991227545370992,1
-0.23840208890974895,1
-0.28475869922993446,0
-0.6284687361962598,1
0.024466814758333566,0
-0.666059274976846,0
0.008979951635576966,1
-0.1524784388981682,0
-0.6257508742899777,0
-0.273234172541299,1
-0.5697303125961202,0
-0.13413280558818125,1
-0.44072455321857595,1
-0.5156471867834882,0
-0.6615990773222085,0
-0.5309867429056905,1
-0.009511333731935412,0
-0.30331002728413214,1
-0.3262117472737421,1
-1.3599716220347975,0
-1.5106034839773779,0
-0.2708445417595317,1
-0.1191869409654941,0
-0.12956275737176265,1
0.4688461708700438,1
-0.1795352302558286,1
0.7025811739533486,0
-0.961858837307322,1
-0.603116234489493,0
0.24434478313885968,0
-0.7986344561505552,1
0.2120457800169327,0
-0.6225249017088192,1
0.7805202042090789,0
0.03912643419590285,0
0.5872325912890192,0
-0.5422534801198015,0
-0.5527437476352999,1
-0.3443954577389986,1
-0.5013334991899361,1
-0.027114771361687065,0
-0.027732329684933832,0
0.13545472690152904,0
-0.3803190132757436,0
-0.027387300029120182,1
0.3236382950101778,1
1.2242545793052022,0
-0.4741974085803514,1
0.322693696124763,1
0.5270072891382315,1
0.3180025713969012,0
0.4399322111692504,1
0.4463239920636113,0
0.29557886601898825,0
0.5670200917872066,0
0.4150397032349778,0
0.06720712359816977,1
0.06206832340614282,0
-0.0958920942378107,0
-0.23314665065690243,0
0.9379080995894941,0
-0.044671657464427694,0
0.06864513921680787,1
0.5242755204336484,1
0.1029137324273619,0
-0.03211981452740198,1
0.16694768844643004,0
0.622378113306486,1
0.7567409030509125,0
0.009004238539008447,0
0.7366931369408292,0
0.5963196027421555,0
0.5819938408109788,0
-0.23428515428087182,0
0.2306265913956187,1
-0.287653843373045,0
0.8386131914027268,1
0.5379162141389018,0
0.7845677683536846,1
0.6501223786020567,0
1.3636451477898692,0
0.29653032912791966,0
0.17229684751591479,0
1.5248818346661857,1
1.0865318389361347,0
0.7770384281072262,0
1.0567775777501955,0
1.079729770930904,0
0.32763272032692314,0
0.30182917037573753,1
1.0408977468741385,0
0.9896622765869162,0
1.1098842850898667,0
0.5190633967031701,0
0.9257158044661058,1
1.052253795150156,1
1.0274374263635209,0
1.5494180990600577,0
0.6235556101555233,1
0.8177522317126449,0
0.3576756144239315,1
0.8405037897454906,0
1.133373005172519,0
0.8708084755391516,1
0.6314158045390819,1
1.5400511146852813,1
0.4350741152119242,0
0.7789873980242252,1
1.0825354271672045,1
0.9841937048578375,0
-0.29263176406520597,0
1.3844503967853097,1
-0.027640744471861933,1
0.522433289158486,0
0.19764928112746838,0
0.5718092988557406,1
1.1640512061478343,1
1.8306362680521002,1
1.3865791501737075,0
0.9657305485692244,0
0.1970289822860919,1
1.2980731381763824,0
0.025401938772663946,0
0.4921556634551756,1
0.4467602007086313,0
1.9234375427011292,0
1.7819237419824945,0
1.5354735884975808,0
1.3708553184062615,1
0.5642261333829262,0
1.4819757342754838,1
0.6216901219110622,1
1.5611015042794523,0
1.4269089746579058,0
1.815152815781232,0
0.9284188036816721,0
0.7837527129519741,1
1.47499579387451,1
0.7494640343006281,0
1.3616409603715904,0
0.9396649815776599,1
1.0057803946438504,1
0.5123206517451717,1
0.7392658245576247,0
1.0526101847125446,1
1.26558295657341,0
0.6577694093273578,0
1.283579321195415,0
0.5536933705416366,0
1.5439993008415303,0
0.7989939611065293,1
0.6211498406579096,1
1.3948199209925027,1
0.8672548249171789,1
1.085426506684396,0
0.7445152657961518,1
0.8873752695004411,0
1.8517099743228165,0
0.9674228321334637,1
0.647914091802859,1
1.725357269581096,0
0.05297134270440096,0
-0.017696441747699354,1
0.2264843418108513,1
0.8690154404196835,0
1.112386705318246,0
1.3663051453199504,0
0.6752187309431598,0
-0.20549716901752457,0
0.46218801172824514,0
0.6920039345392106,1
0.494071044914156,0
1.2368985835433772,0
0.5241265787012048,1
0.9981908326876598,0
1.1970393398533257,0
0.12922517827490254,0
-0.15902283872383682,1
-0.1721434299073562,0
-0.20452364783836574,1
1.1893756638583364,0
0.7393585899954472,0
-0.1848342391598914,1
0.489200400214301,0
0.6022594039352009,1
0.9966104489692152,1
-0.04423891478772157,1
0.9092320733955348,0
0.5362949936305439,1
-0.039792537022227625,1
-0.5486815858320939,1
-0.37193241364327323,1
-0.21058676053777492,0
0.8753195137805821,1
0.6246890431421671,0
0.758958354888732,0
-0.17010837316858846,1
1.093065442375419,1
-0.10602882563563959,1
0.42113750119975857,0
-0.33042568216055745,1
0.4641638843969288,1
-0.11007049985067457,1
0.20219653163003254,1
0.8196061605795262,1
-0.3569502654982278,0
0.10513996200117308,0
-0.43512379333399265,0
-0.2344630015877792,1
-0.1686598587463315,0
-0.42106275403787036,1
-0.3398708209446146,0
0.9904084393301934,0
1.1543626959543873,0
0.3184066864416005,0
0.5662786576144856,0
-0.1893150262942857,0
-0.5179178145844148,1
-0.31159986107395315,1
0.7041430049687082,1
-0.990267349462424,0
-0.7261045145695249,1
-0.09333562912840106,1
-0.6365446244818797,0
1.0811820743357998,1
0.5068091571123249,1
-0.11545186497980965,1
-0.3501372068319222,1
-0.044693570023872864,1
-0.10570853716687387,1
-0.3194682484402544,1
0.542698142772225,1
1.021617478074422,1
0.2817057407710074,1
-1.082903530491468,1
0.25670682577976367,1
-0.07871877484523598,1
-0.3384551819847652,0
-0.7803717789549156,1
0.085284654829546,0
0.17295808971513055,0
-0.6178417104348711,0
-0.2058446103684266,1
-1.157843543622426,1
-1.1170284634049994,1
-1.080919085572419,0
0.5909974554329684,1
-0.16511456163601917,0
-0.9838642158138982,0
-0.8209242308473313,0
-0.8786959659116199,1
0.4779165883874944,0
-0.8549776579105542,1
-1.4398357001256485,1
0.20269642590328218,1
-1.021955868356724,0
0.2591765008294765,0
-0.7571324709845105,0
-0.7196583261938085,1
-1.7929747499525075,0
0.6989276955168228,0
-1.5498068920179902,0
-0.6116447138343067,0
-1.0987642100995973,1
-0.8498793353942797,0
-1.043344850660521,1
-0.9220915055668468,0
-0.5847868634624338,1
-0.35333221848635915,0
-1.1655677523313788,0
-1.2499743347142314,0
-0.9916512976650197,1
-0.06936599432385071,0
-0.4829504201330065,0
-1.7565024488790661,1
-0.2011178474765556,0
-0.6743030249728222,1
-0.9879352657709219,0
-0.5982441188747205,0
-1.3538653804565042,0
-1.027854055193077,0
-1.585024964874401,0
-0.7920983554761253,0
-0.7058254859504115,1
-1.2805243213463735,1
-0.9947488108324363,1
-1.497048971093097,0
-0.33403854773545016,0
-0.8510311462530692,0
-0.22831112711615908,1
-1.6681751013474333,0
-1.7574417644422855,1
-0.36530654130486906,1
-1.004491485529681,1
-0.8754017612892644,1
-0.8670981277676935,1
-1.5656042585654881,1
-1.313042312393557,1
-1.1085489023619386,1
-0.05351673094644971,0
-2.2518042217701084,0
-0.9449817942806181,0
-1.2181828392554348,0
-1.2363138849006847,0
-1.099273991188469,1
-0.5473624954599452,0
-1.655374024333951,0
-1.8778127564807237,1
-0.3951562754860477,0
-1.1876285767740735,1
-0.9969921942887446,1
-0.900568854488946,0
-0.18771636089618882,1
-0.5763985710203372,1
-0.7809539720324624,0
-1.3661854448359216,0
-0.003193871957817618,1
-0.7927079811939928,1
-0.5687944403019956,0
-1.4923426319214452,1
-1.6891832032332923,1
-1.2469929137393545,0
-1.193047109731405,1
-1.1403076841331385,1
-1.2917052251080383,0
-0.32347368004649246,1
-0.6107933400725023,0
0.49935289766007285,0
-1.1232997174757355,1
-0.5403796882463943,0
-0.46541564712711336,0
-0.6384387815717896,0
-0.6244673053627645,0
-1.5200960737965272,0
0.11852140493426022,1
-1.0131029350981549,1
-0.8164236863987736,0
-1.0611660730596335,1
-0.5838427749473483,1
-0.6560004334898835,1
-0.8272298704428341,0
-0.8703301511667433,0
-0.7890537178477643,0
-0.18580361334995366,0
-0.9864559484278039,0
-0.861155004154547,1
-1.2920365100279105,1
-0.4555819853175426,0
-1.187013355081998,0
-0.17435666834257468,1
-0.2547053604426873,1
-1.0257462225868073,1
-1.0776393358184202,0
-1.352673931355583,1
-1.2670791289093697,0
-1.0446276647064392,0
-0.8709686016325476,0
-0.7761489269451998,1
-0.43792041423307515,0
-1.9390253494716552,0
-1.2101980756816866,0
-0.20673153495140456,0
-0.12994090089722693,1
-0.9531599343947599,1
-0.195374015914502,1
-1.1157178747442345,0
-0.20604433260484745,1
-0.6567498569123462,1
-0.25800947489832016,1
-0.3205914451812498,0
-0.6927210544705745,1
-0.5198129093842907,1
-0.17774459209937996,0
-0.7062858322613979,1
-0.2172422460545179,1
-0.9918730791250983,0
-0.7339971845668568,1
0.845066465683175,0
0.28514313131052127,0
-0.5993264857157645,0
-0.3224505478409607,0
-0.39511064643971283,0
-0.002844664382655515,1
0.05767939603721017,0
0.23075915482771459,1
0.057953899432999945,0
1.0960959859549455,1
0.37274577251032054,0
-0.9400243399997386,1
0.1407890327287526,0
0.21360344924189426,1
0.34206470582894377,0
0.4348974188011261,1
0.5585921992540377,1
0.016649584025995406,1
0.009028853044124305,1
-0.4762748073557177,1
0.7268762313327685,0
0.4087154651689692,0
0.13251285173918612,1
0.36673681970465255,0
-0.3165201330083736,1
-0.064594232440176,1
-0.28782884960562916,1
0.4120612635714744,0
-0.23304895017233307,1
-0.7484691534158597,0
0.463186254713379,1
0.9442286652386178,1
0.5465080966917304,1
0.24800162548270285,0
-0.052114635170638746,1
0.10923609887321228,0
0.9527792958765715,1
0.15785816077049233,0
-0.5468084950457359,1
1.4336866794657541,0
0.3607318731819783,1
0.8783945359974613,1
0.16292435842682879,0
0.3437984031758776,1
0.7380809400285975,1
-0.40732953484521084,0
0.09349194824344809,0
0.858528093318214,0
0.11442424179473892,1
0.03330759189377208,1
1.39496846952731,1
0.8478117840084717,0
0.7472325466839447,1
0.7531741855139513,0
0.15273924814523604,1
-0.19223227377866758,1
0.5524076918840798,0
0.5419860894484793,1
0.46269996511085965,1
0.6861875150892905,1
0.5035499488312736,1
1.4728173202866135,1
1.1269009709413185,1
0.7107944082137689,0
0.513769375702082,1
-0.5632205222379916,0
0.4160613263891364,1
0.6549988132127885,0
1.4508673225289006,1
0.371780301603248,1
1.227055533609965,1
0.41454039623103833,0
0.6654819854939622,0
0.0650568721199627,0
0.23186779284890802,1
1.4043792676169733,1
0.8310029826414833,0
0.935387058142717,1
0.7309525154511816,0
0.36214636920234045,0
0.34349592576864685,1
1.5665032793702964,0
1.626020183777666,1
1.1468504759474123,0
0.17679516695623498,0
0.7940931513330844,0
0.6630199329873887,1
1.4399339022124575,0
0.9989001456904122,1
2.1031129253162613,1
1.2638185619679572,1
1.2087046758848567,0
0.6828452082655628,0
0.6413607683532174,1
0.8819659806468155,0
0.6423324194039337,0
1.671111361348305,0
1.3219832566961986,0
0.3470422243777146,0
0.7922521266659694,0
1.1984916864252346,0
0.7723597656385015,0
1.0127845207751864,1
0.8028162252787703,0
1.378213274290048,1
0.9885600902271252,1
1.9783830869585626,1
0.7397393560360058,1
0.7993341669193149,1
1.5916922903902777,0
0.540856689739126,0
1.3419596952185229,1
1.5106385738580075,0
0.7579140512858719,0
1.7421960268780334,0
1.7936437633446303,0
1.1727047847730583,1
1.1554045734024234,1
0.7385654129865216,1
0.9019741439130414,0
0.03955343303218961,1
0.14066257484189937,1
0.016385489580535206,0
0.7942079216518512,0
1.1340747097867978,0
-0.042322133561079944,1
0.8809559878832043,1
0.8629455368912087,0
1.7463644171248078,1
-0.12067104444680088,1
0.6659181727825891,1
0.26199828292302474,0
0.5787707840456915,1
1.8172861399441729,0
1.0742816490044504,0
1.2778350912795553,1
0.19084050732228997,0
1.33258395319274,0
1.7037335630277206,0
1.2500845892734067,0
-0.36259983850203203,1
0.6037772050558808,1
0.964628122849683,1
0.18424954956906558,0
1.1269591595973287,1
1.0372699119877262,0
0.9123360102212575,1
0.8306286430762849,0
0.554473939744272,0
0.8448422915838135,0
0.8020227281044682,1
1.2071656941693591,1
0.9261003732291111,0
0.5748212749812445,1
1.6658196859516705,0
0.5719756462106522,0
-0.2649690340683747,0
-0.010055812347467774,1
0.24999224305636242,1
1.2486478536894872,1
0.5937440134616767,1
0.9092087706509551,1
1.1960123843030828,0
-0.13083695943554452,0
0.7608883695717473,0
1.1340357836563362,1
-0.14833665841845656,0
0.16397090611020704,0
1.2457161811730915,0
0.08540654947642307,1
0.8714724353384702,0
0.30432965731180106,1
0.023979991564641256,0
-0.14627429953955767,1
0.6381010712828274,1
0.3370757135810783,1
0.31317198555272546,0
0.12375084354374791,0
0.3952569954506243,1
0.38206172460863586,1
-0.5154788555341927,0
-0.9495006083803644,0
0.905348397824031,1
0.6642489790617441,0
-0.14129880426274205,0
0.30423414824043604,0
0.5469272686445336,0
0.17555664669091334,0
0.4168508974564939,0
-0.526736496966703,1
1.2724730463755802,1
-0.6107375297485218,1
0.08100215481940194,0
-0.7780425648034726,1
0.4927790106753427,0
0.003332507372192317,1
-0.347510853570702,1
-0.9297100423544885,1
0.4786680619262577,1
-0.48120742880914524,1
-0.11984139332344348,1
-0.17904684698553355,0
-0.37212282843767375,0
-0.8007056649666928,1
0.04934367248606894,1
0.039652622432391496,1
0.30884667006505856,0
-0.48547813832163544,0
-0.028894324186184456,0
0.01783739848982238,0
0.08189909022102954,0
-1.093034118998526,1
-0.06308163738756611,1
-0.2985087977868372,1
-0.3546917861178308,1
-0.34816199447335333,1
-0.525613991893518,1
-0.4120503462760947,0
-0.12775536918949915,1
0.32836657750029674,1
-0.5426811207044825,1
-1.4306189107822809,1
-1.1874072602638577,0
0.13889500304264968,1
-0.13217321515374642,0
-0.07198641581546489,1
-1.2197326661604029,1
-0.20884487699623866,0
-0.6514455865627217,0
-0.7736531545791805,0
-1.604351299665574,0
-0.3555966480349114,1
-2.0330851192370494,1
-0.13730149818031273,1
-0.9407462366017304,0
-0.9492022699933703,1
-1.0405004733785463,0
-0.3942210798259339,1
0.1171649525311822,1
-0.8187962132545241,1
-1.489899219504553,0
-0.5622146584072133,1
-0.10697026324339531,1
-0.6480685729639448,0
-0.9193385483715257,1
-0.945081570018746,0
-1.1865291338111634,1
-0.5645625901767799,0
-1.2993487644719945,1
-0.6480355949863803,0
-1.7282305518700507,1
-0.40788051381685286,1
-0.5153067478349602,0
-0.9606046223047029,1
-1.4585066159866713,1
-1.200436177869043,1
-0.3673610590166741,1
-0.40569268416946797,1
-0.684651674704662,0
-0.8875699938065607,1
-0.9987169529434079,1
-0.2175405041421986,0
-0.428854792849264,0
-1.179797165991699,1
-0.8488104860426064,1
-0.7691423807260697,0
-0.9783676556162436,1
-1.279255874479818,1
-1.5423799437226635,0
-0.4544300649694284,1
-0.5239829592104086,0
-1.12681207323046,0
-0.9885799056244382,1
-0.7707134261414263,1
-0.558856487935357,1
-1.6664722163157126,1
-1.034941517698525,0
-0.3318409467087461,0
-2.412380733328036,0
-0.6131929916194963,1
-1.2907600262558363,0
-0.8385050142114243,0
-1.9487445735024205,1
-1.6427920070832238,0
-1.1555783202039795,0
-0.4492212956684394,1
-1.1301890637304572,0
-1.2942186785278151,0
-1.1004464628338135,1
-1.2900970183479747,1
-1.3896059896868782,0
-1.0223573798028147,0
-1.2070738425565704,1
-1.1784169631834478,0
-1.6240821597515995,1
-0.9719619758188591,1
-1.8539231014818336,0
-1.1515877896262776,0
-0.858086777506193,1
-0.7641714661957473,0
-1.2761188055781396,1
-0.24353478272097218,1
-0.44917561688440455,1
-1.4510091111844095,0
-1.4895760363715729,0
-1.2628919135348384,0
-1.085977426923094,1
-0.9378913142496568,0
-1.1706062207874157,0
-0.5749416887451089,0
-1.1800922899470279,1
-0.25465329657234725,0
-0.5729244737045445,0
-0.6384731070734802,0
-1.2779171205831945,1
-0.8648571407841756,0
-1.2899714104727376,0
-1.0105694913810324,0
-0.2944963031992561,0
-0.6287874146320641,1
-0.9571201168946841,1
0.5120365361947111,1
-1.1458288847170557,0
-0.4834762217574262,1
-0.2364237515688179,0
-0.7907926408268222,0
-0.30360840484348206,1
-1.1614815072734341,1
0.008834605754910685,1
-1.1940605488265075,0
-1.115914358945728,0
-1.0887347438155548,1
-0.07197352245327282,0
-0.24988650953099983,0
-1.187538883911723,1
0.44723225120514587,0
-0.18586981545882136,1
-1.4164716079410167,0
-0.42912523756288,1
-1.0819338290143028,0
0.3756808445961599,0
-0.32206380378148486,0
-0.9067691913142313,1
-0.929159839248805,1
-0.3903082753739152,1
0.3431696984656565,1
0.24101677880131633,0
0.04906770052881182,0
-1.208982820640129,0
-0.8713400762059149,0
0.10124648414164977,0
-0.2550871004600569,0
-0.9459081789703203,0
0.1986513898459326,1
-1.6638820558269303,0
-0.7123709651293876,0
-1.3787333432341107,0
-0.4685926672967029,0
0.5662494718400318,1
0.4645351558169342,1
-0.8171595927124141,0
-0.6665990145050631,1
-0.06443949405079363,1
-0.33949566626140276,0
0.25800704410106534,0
0.34462640051575044,0
0.06267991217282662,1
-0.5916788337039263,0
-0.4252692402992671,1
-0.5202617074839817,1
0.456082402707097,1
-0.287362750069558,1
-0.6801466221225094,0
0.03028352772544922,0
-0.4853502045958267,1
-0.13657334718371986,0
0.026074170012882904,0
0.6104124860650809,1
0.35467346560752294,1
